date_key,full_date,year,month,month_name,day,decade
19300713,1930-07-13,1930,7,July,13,1930s
19300714,1930-07-14,1930,7,July,14,1930s
19300715,1930-07-15,1930,7,July,15,1930s
19300716,1930-07-16,1930,7,July,16,1930s
19300717,1930-07-17,1930,7,July,17,1930s
19300718,1930-07-18,1930,7,July,18,1930s
19300719,1930-07-19,1930,7,July,19,1930s
19300720,1930-07-20,1930,7,July,20,1930s
19300721,1930-07-21,1930,7,July,21,1930s
19300722,1930-07-22,1930,7,July,22,1930s
19300726,1930-07-26,1930,7,July,26,1930s
19300727,1930-07-27,1930,7,July,27,1930s
19300730,1930-07-30,1930,7,July,30,1930s
19340527,1934-05-27,1934,5,May,27,1930s
19340531,1934-05-31,1934,5,May,31,1930s
19340601,1934-06-01,1934,6,June,1,1930s
19340603,1934-06-03,1934,6,June,3,1930s
19340607,1934-06-07,1934,6,June,7,1930s
19340610,1934-06-10,1934,6,June,10,1930s
19380604,1938-06-04,1938,6,June,4,1930s
19380605,1938-06-05,1938,6,June,5,1930s
19380609,1938-06-09,1938,6,June,9,1930s
19380612,1938-06-12,1938,6,June,12,1930s
19380614,1938-06-14,1938,6,June,14,1930s
19380616,1938-06-16,1938,6,June,16,1930s
19380619,1938-06-19,1938,6,June,19,1930s
19500624,1950-06-24,1950,6,June,24,1950s
19500625,1950-06-25,1950,6,June,25,1950s
19500628,1950-06-28,1950,6,June,28,1950s
19500629,1950-06-29,1950,6,June,29,1950s
19500701,1950-07-01,1950,7,July,1,1950s
19500702,1950-07-02,1950,7,July,2,1950s
19500709,1950-07-09,1950,7,July,9,1950s
19500713,1950-07-13,1950,7,July,13,1950s
19500716,1950-07-16,1950,7,July,16,1950s
19540616,1954-06-16,1954,6,June,16,1950s
19540617,1954-06-17,1954,6,June,17,1950s
19540619,1954-06-19,1954,6,June,19,1950s
19540620,1954-06-20,1954,6,June,20,1950s
19540623,1954-06-23,1954,6,June,23,1950s
19540626,1954-06-26,1954,6,June,26,1950s
19540627,1954-06-27,1954,6,June,27,1950s
19540630,1954-06-30,1954,6,June,30,1950s
19540703,1954-07-03,1954,7,July,3,1950s
19540704,1954-07-04,1954,7,July,4,1950s
19580608,1958-06-08,1958,6,June,8,1950s
19580611,1958-06-11,1958,6,June,11,1950s
19580612,1958-06-12,1958,6,June,12,1950s
19580615,1958-06-15,1958,6,June,15,1950s
19580617,1958-06-17,1958,6,June,17,1950s
19580619,1958-06-19,1958,6,June,19,1950s
19580624,1958-06-24,1958,6,June,24,1950s
19580628,1958-06-28,1958,6,June,28,1950s
19580629,1958-06-29,1958,6,June,29,1950s
19620530,1962-05-30,1962,5,May,30,1960s
19620531,1962-05-31,1962,5,May,31,1960s
19620602,1962-06-02,1962,6,June,2,1960s
19620603,1962-06-03,1962,6,June,3,1960s
19620606,1962-06-06,1962,6,June,6,1960s
19620607,1962-06-07,1962,6,June,7,1960s
19620610,1962-06-10,1962,6,June,10,1960s
19620613,1962-06-13,1962,6,June,13,1960s
19620616,1962-06-16,1962,6,June,16,1960s
19620617,1962-06-17,1962,6,June,17,1960s
19660711,1966-07-11,1966,7,July,11,1960s
19660712,1966-07-12,1966,7,July,12,1960s
19660713,1966-07-13,1966,7,July,13,1960s
19660715,1966-07-15,1966,7,July,15,1960s
19660716,1966-07-16,1966,7,July,16,1960s
19660719,1966-07-19,1966,7,July,19,1960s
19660720,1966-07-20,1966,7,July,20,1960s
19660723,1966-07-23,1966,7,July,23,1960s
19660725,1966-07-25,1966,7,July,25,1960s
19660726,1966-07-26,1966,7,July,26,1960s
19660728,1966-07-28,1966,7,July,28,1960s
19660730,1966-07-30,1966,7,July,30,1960s
19700531,1970-05-31,1970,5,May,31,1970s
19700602,1970-06-02,1970,6,June,2,1970s
19700603,1970-06-03,1970,6,June,3,1970s
19700606,1970-06-06,1970,6,June,6,1970s
19700607,1970-06-07,1970,6,June,7,1970s
19700610,1970-06-10,1970,6,June,10,1970s
19700611,1970-06-11,1970,6,June,11,1970s
19700614,1970-06-14,1970,6,June,14,1970s
19700617,1970-06-17,1970,6,June,17,1970s
19700620,1970-06-20,1970,6,June,20,1970s
19700621,1970-06-21,1970,6,June,21,1970s
19740613,1974-06-13,1974,6,June,13,1970s
19740614,1974-06-14,1974,6,June,14,1970s
19740615,1974-06-15,1974,6,June,15,1970s
19740618,1974-06-18,1974,6,June,18,1970s
19740619,1974-06-19,1974,6,June,19,1970s
19740622,1974-06-22,1974,6,June,22,1970s
19740623,1974-06-23,1974,6,June,23,1970s
19740626,1974-06-26,1974,6,June,26,1970s
19740630,1974-06-30,1974,6,June,30,1970s
19740703,1974-07-03,1974,7,July,3,1970s
19740706,1974-07-06,1974,7,July,6,1970s
19740707,1974-07-07,1974,7,July,7,1970s
19780601,1978-06-01,1978,6,June,1,1970s
19780602,1978-06-02,1978,6,June,2,1970s
19780603,1978-06-03,1978,6,June,3,1970s
19780606,1978-06-06,1978,6,June,6,1970s
19780607,1978-06-07,1978,6,June,7,1970s
19780610,1978-06-10,1978,6,June,10,1970s
19780611,1978-06-11,1978,6,June,11,1970s
19780614,1978-06-14,1978,6,June,14,1970s
19780618,1978-06-18,1978,6,June,18,1970s
19780621,1978-06-21,1978,6,June,21,1970s
19780624,1978-06-24,1978,6,June,24,1970s
19780625,1978-06-25,1978,6,June,25,1970s
19820613,1982-06-13,1982,6,June,13,1980s
19820614,1982-06-14,1982,6,June,14,1980s
19820615,1982-06-15,1982,6,June,15,1980s
19820616,1982-06-16,1982,6,June,16,1980s
19820617,1982-06-17,1982,6,June,17,1980s
19820618,1982-06-18,1982,6,June,18,1980s
19820619,1982-06-19,1982,6,June,19,1980s
19820620,1982-06-20,1982,6,June,20,1980s
19820621,1982-06-21,1982,6,June,21,1980s
19820622,1982-06-22,1982,6,June,22,1980s
19820623,1982-06-23,1982,6,June,23,1980s
19820624,1982-06-24,1982,6,June,24,1980s
19820625,1982-06-25,1982,6,June,25,1980s
19820628,1982-06-28,1982,6,June,28,1980s
19820629,1982-06-29,1982,6,June,29,1980s
19820701,1982-07-01,1982,7,July,1,1980s
19820702,1982-07-02,1982,7,July,2,1980s
19820704,1982-07-04,1982,7,July,4,1980s
19820705,1982-07-05,1982,7,July,5,1980s
19820708,1982-07-08,1982,7,July,8,1980s
19820710,1982-07-10,1982,7,July,10,1980s
19820711,1982-07-11,1982,7,July,11,1980s
19860531,1986-05-31,1986,5,May,31,1980s
19860601,1986-06-01,1986,6,June,1,1980s
19860602,1986-06-02,1986,6,June,2,1980s
19860603,1986-06-03,1986,6,June,3,1980s
19860604,1986-06-04,1986,6,June,4,1980s
19860605,1986-06-05,1986,6,June,5,1980s
19860606,1986-06-06,1986,6,June,6,1980s
19860607,1986-06-07,1986,6,June,7,1980s
19860608,1986-06-08,1986,6,June,8,1980s
19860609,1986-06-09,1986,6,June,9,1980s
19860610,1986-06-10,1986,6,June,10,1980s
19860611,1986-06-11,1986,6,June,11,1980s
19860612,1986-06-12,1986,6,June,12,1980s
19860613,1986-06-13,1986,6,June,13,1980s
19860615,1986-06-15,1986,6,June,15,1980s
19860616,1986-06-16,1986,6,June,16,1980s
19860617,1986-06-17,1986,6,June,17,1980s
19860618,1986-06-18,1986,6,June,18,1980s
19860621,1986-06-21,1986,6,June,21,1980s
19860622,1986-06-22,1986,6,June,22,1980s
19860625,1986-06-25,1986,6,June,25,1980s
19860628,1986-06-28,1986,6,June,28,1980s
19860629,1986-06-29,1986,6,June,29,1980s
19900608,1990-06-08,1990,6,June,8,1990s
19900609,1990-06-09,1990,6,June,9,1990s
19900610,1990-06-10,1990,6,June,10,1990s
19900611,1990-06-11,1990,6,June,11,1990s
19900612,1990-06-12,1990,6,June,12,1990s
19900613,1990-06-13,1990,6,June,13,1990s
19900614,1990-06-14,1990,6,June,14,1990s
19900615,1990-06-15,1990,6,June,15,1990s
19900616,1990-06-16,1990,6,June,16,1990s
19900617,1990-06-17,1990,6,June,17,1990s
19900618,1990-06-18,1990,6,June,18,1990s
19900619,1990-06-19,1990,6,June,19,1990s
19900620,1990-06-20,1990,6,June,20,1990s
19900621,1990-06-21,1990,6,June,21,1990s
19900623,1990-06-23,1990,6,June,23,1990s
19900624,1990-06-24,1990,6,June,24,1990s
19900625,1990-06-25,1990,6,June,25,1990s
19900626,1990-06-26,1990,6,June,26,1990s
19900630,1990-06-30,1990,6,June,30,1990s
19900701,1990-07-01,1990,7,July,1,1990s
19900703,1990-07-03,1990,7,July,3,1990s
19900704,1990-07-04,1990,7,July,4,1990s
19900707,1990-07-07,1990,7,July,7,1990s
19900708,1990-07-08,1990,7,July,8,1990s
19940617,1994-06-17,1994,6,June,17,1990s
19940618,1994-06-18,1994,6,June,18,1990s
19940619,1994-06-19,1994,6,June,19,1990s
19940620,1994-06-20,1994,6,June,20,1990s
19940621,1994-06-21,1994,6,June,21,1990s
19940622,1994-06-22,1994,6,June,22,1990s
19940623,1994-06-23,1994,6,June,23,1990s
19940624,1994-06-24,1994,6,June,24,1990s
19940625,1994-06-25,1994,6,June,25,1990s
19940626,1994-06-26,1994,6,June,26,1990s
19940627,1994-06-27,1994,6,June,27,1990s
19940628,1994-06-28,1994,6,June,28,1990s
19940629,1994-06-29,1994,6,June,29,1990s
19940630,1994-06-30,1994,6,June,30,1990s
19940702,1994-07-02,1994,7,July,2,1990s
19940703,1994-07-03,1994,7,July,3,1990s
19940704,1994-07-04,1994,7,July,4,1990s
19940705,1994-07-05,1994,7,July,5,1990s
19940709,1994-07-09,1994,7,July,9,1990s
19940710,1994-07-10,1994,7,July,10,1990s
19940713,1994-07-13,1994,7,July,13,1990s
19940716,1994-07-16,1994,7,July,16,1990s
19940717,1994-07-17,1994,7,July,17,1990s
19980610,1998-06-10,1998,6,June,10,1990s
19980611,1998-06-11,1998,6,June,11,1990s
19980612,1998-06-12,1998,6,June,12,1990s
19980613,1998-06-13,1998,6,June,13,1990s
19980614,1998-06-14,1998,6,June,14,1990s
19980615,1998-06-15,1998,6,June,15,1990s
19980616,1998-06-16,1998,6,June,16,1990s
19980617,1998-06-17,1998,6,June,17,1990s
19980618,1998-06-18,1998,6,June,18,1990s
19980619,1998-06-19,1998,6,June,19,1990s
19980620,1998-06-20,1998,6,June,20,1990s
19980621,1998-06-21,1998,6,June,21,1990s
19980622,1998-06-22,1998,6,June,22,1990s
19980623,1998-06-23,1998,6,June,23,1990s
19980624,1998-06-24,1998,6,June,24,1990s
19980625,1998-06-25,1998,6,June,25,1990s
19980626,1998-06-26,1998,6,June,26,1990s
19980627,1998-06-27,1998,6,June,27,1990s
19980628,1998-06-28,1998,6,June,28,1990s
19980629,1998-06-29,1998,6,June,29,1990s
19980630,1998-06-30,1998,6,June,30,1990s
19980703,1998-07-03,1998,7,July,3,1990s
19980704,1998-07-04,1998,7,July,4,1990s
19980707,1998-07-07,1998,7,July,7,1990s
19980708,1998-07-08,1998,7,July,8,1990s
19980711,1998-07-11,1998,7,July,11,1990s
19980712,1998-07-12,1998,7,July,12,1990s
20020531,2002-05-31,2002,5,May,31,2000s
20020601,2002-06-01,2002,6,June,1,2000s
20020602,2002-06-02,2002,6,June,2,2000s
20020603,2002-06-03,2002,6,June,3,2000s
20020604,2002-06-04,2002,6,June,4,2000s
20020605,2002-06-05,2002,6,June,5,2000s
20020606,2002-06-06,2002,6,June,6,2000s
20020607,2002-06-07,2002,6,June,7,2000s
20020608,2002-06-08,2002,6,June,8,2000s
20020609,2002-06-09,2002,6,June,9,2000s
20020610,2002-06-10,2002,6,June,10,2000s
20020611,2002-06-11,2002,6,June,11,2000s
20020612,2002-06-12,2002,6,June,12,2000s
20020613,2002-06-13,2002,6,June,13,2000s
20020614,2002-06-14,2002,6,June,14,2000s
20020615,2002-06-15,2002,6,June,15,2000s
20020616,2002-06-16,2002,6,June,16,2000s
20020617,2002-06-17,2002,6,June,17,2000s
20020618,2002-06-18,2002,6,June,18,2000s
20020621,2002-06-21,2002,6,June,21,2000s
20020622,2002-06-22,2002,6,June,22,2000s
20020625,2002-06-25,2002,6,June,25,2000s
20020626,2002-06-26,2002,6,June,26,2000s
20020629,2002-06-29,2002,6,June,29,2000s
20020630,2002-06-30,2002,6,June,30,2000s
20060609,2006-06-09,2006,6,June,9,2000s
20060610,2006-06-10,2006,6,June,10,2000s
20060611,2006-06-11,2006,6,June,11,2000s
20060612,2006-06-12,2006,6,June,12,2000s
20060613,2006-06-13,2006,6,June,13,2000s
20060614,2006-06-14,2006,6,June,14,2000s
20060615,2006-06-15,2006,6,June,15,2000s
20060616,2006-06-16,2006,6,June,16,2000s
20060617,2006-06-17,2006,6,June,17,2000s
20060618,2006-06-18,2006,6,June,18,2000s
20060619,2006-06-19,2006,6,June,19,2000s
20060620,2006-06-20,2006,6,June,20,2000s
20060621,2006-06-21,2006,6,June,21,2000s
20060622,2006-06-22,2006,6,June,22,2000s
20060623,2006-06-23,2006,6,June,23,2000s
20060624,2006-06-24,2006,6,June,24,2000s
20060625,2006-06-25,2006,6,June,25,2000s
20060626,2006-06-26,2006,6,June,26,2000s
20060627,2006-06-27,2006,6,June,27,2000s
20060630,2006-06-30,2006,6,June,30,2000s
20060701,2006-07-01,2006,7,July,1,2000s
20060704,2006-07-04,2006,7,July,4,2000s
20060705,2006-07-05,2006,7,July,5,2000s
20060708,2006-07-08,2006,7,July,8,2000s
20060709,2006-07-09,2006,7,July,9,2000s
20100611,2010-06-11,2010,6,June,11,2010s
20100612,2010-06-12,2010,6,June,12,2010s
20100613,2010-06-13,2010,6,June,13,2010s
20100614,2010-06-14,2010,6,June,14,2010s
20100615,2010-06-15,2010,6,June,15,2010s
20100616,2010-06-16,2010,6,June,16,2010s
20100617,2010-06-17,2010,6,June,17,2010s
20100618,2010-06-18,2010,6,June,18,2010s
20100619,2010-06-19,2010,6,June,19,2010s
20100620,2010-06-20,2010,6,June,20,2010s
20100621,2010-06-21,2010,6,June,21,2010s
20100622,2010-06-22,2010,6,June,22,2010s
20100623,2010-06-23,2010,6,June,23,2010s
20100624,2010-06-24,2010,6,June,24,2010s
20100625,2010-06-25,2010,6,June,25,2010s
20100626,2010-06-26,2010,6,June,26,2010s
20100627,2010-06-27,2010,6,June,27,2010s
20100628,2010-06-28,2010,6,June,28,2010s
20100629,2010-06-29,2010,6,June,29,2010s
20100702,2010-07-02,2010,7,July,2,2010s
20100703,2010-07-03,2010,7,July,3,2010s
20100706,2010-07-06,2010,7,July,6,2010s
20100707,2010-07-07,2010,7,July,7,2010s
20100710,2010-07-10,2010,7,July,10,2010s
20100711,2010-07-11,2010,7,July,11,2010s
20140612,2014-06-12,2014,6,June,12,2010s
20140613,2014-06-13,2014,6,June,13,2010s
20140614,2014-06-14,2014,6,June,14,2010s
20140615,2014-06-15,2014,6,June,15,2010s
20140616,2014-06-16,2014,6,June,16,2010s
20140617,2014-06-17,2014,6,June,17,2010s
20140618,2014-06-18,2014,6,June,18,2010s
20140619,2014-06-19,2014,6,June,19,2010s
20140620,2014-06-20,2014,6,June,20,2010s
20140621,2014-06-21,2014,6,June,21,2010s
20140622,2014-06-22,2014,6,June,22,2010s
20140623,2014-06-23,2014,6,June,23,2010s
20140624,2014-06-24,2014,6,June,24,2010s
20140625,2014-06-25,2014,6,June,25,2010s
20140626,2014-06-26,2014,6,June,26,2010s
20140628,2014-06-28,2014,6,June,28,2010s
20140629,2014-06-29,2014,6,June,29,2010s
20140630,2014-06-30,2014,6,June,30,2010s
20140701,2014-07-01,2014,7,July,1,2010s
20140704,2014-07-04,2014,7,July,4,2010s
20140705,2014-07-05,2014,7,July,5,2010s
20140708,2014-07-08,2014,7,July,8,2010s
20140709,2014-07-09,2014,7,July,9,2010s
20140712,2014-07-12,2014,7,July,12,2010s
20140713,2014-07-13,2014,7,July,13,2010s
20180614,2018-06-14,2018,6,June,14,2010s
20180615,2018-06-15,2018,6,June,15,2010s
20180616,2018-06-16,2018,6,June,16,2010s
20180617,2018-06-17,2018,6,June,17,2010s
20180618,2018-06-18,2018,6,June,18,2010s
20180619,2018-06-19,2018,6,June,19,2010s
20180620,2018-06-20,2018,6,June,20,2010s
20180621,2018-06-21,2018,6,June,21,2010s
20180622,2018-06-22,2018,6,June,22,2010s
20180623,2018-06-23,2018,6,June,23,2010s
20180624,2018-06-24,2018,6,June,24,2010s
20180625,2018-06-25,2018,6,June,25,2010s
20180626,2018-06-26,2018,6,June,26,2010s
20180627,2018-06-27,2018,6,June,27,2010s
20180628,2018-06-28,2018,6,June,28,2010s
20180630,2018-06-30,2018,6,June,30,2010s
20180701,2018-07-01,2018,7,July,1,2010s
20180702,2018-07-02,2018,7,July,2,2010s
20180703,2018-07-03,2018,7,July,3,2010s
20180706,2018-07-06,2018,7,July,6,2010s
20180707,2018-07-07,2018,7,July,7,2010s
20180710,2018-07-10,2018,7,July,10,2010s
20180711,2018-07-11,2018,7,July,11,2010s
20180714,2018-07-14,2018,7,July,14,2010s
20180715,2018-07-15,2018,7,July,15,2010s
20221006,2022-10-06,2022,10,October,6,2020s
20221120,2022-11-20,2022,11,November,20,2020s
20221121,2022-11-21,2022,11,November,21,2020s
20221122,2022-11-22,2022,11,November,22,2020s
20221123,2022-11-23,2022,11,November,23,2020s
20221124,2022-11-24,2022,11,November,24,2020s
20221125,2022-11-25,2022,11,November,25,2020s
20221126,2022-11-26,2022,11,November,26,2020s
20221127,2022-11-27,2022,11,November,27,2020s
20221128,2022-11-28,2022,11,November,28,2020s
20221129,2022-11-29,2022,11,November,29,2020s
20221130,2022-11-30,2022,11,November,30,2020s
20221201,2022-12-01,2022,12,December,1,2020s
20221202,2022-12-02,2022,12,December,2,2020s
20221203,2022-12-03,2022,12,December,3,2020s
20221204,2022-12-04,2022,12,December,4,2020s
20221205,2022-12-05,2022,12,December,5,2020s
20221206,2022-12-06,2022,12,December,6,2020s
20221209,2022-12-09,2022,12,December,9,2020s
20221210,2022-12-10,2022,12,December,10,2020s
20221213,2022-12-13,2022,12,December,13,2020s
20221214,2022-12-14,2022,12,December,14,2020s
20221217,2022-12-17,2022,12,December,17,2020s
20221218,2022-12-18,2022,12,December,18,2020s
20260608,2026-06-08,2026,6,June,8,2020s
20260611,2026-06-11,2026,6,June,11,2020s
20260612,2026-06-12,2026,6,June,12,2020s
20260613,2026-06-13,2026,6,June,13,2020s
20260614,2026-06-14,2026,6,June,14,2020s
20260615,2026-06-15,2026,6,June,15,2020s
20260616,2026-06-16,2026,6,June,16,2020s
20260617,2026-06-17,2026,6,June,17,2020s
20260618,2026-06-18,2026,6,June,18,2020s
20260619,2026-06-19,2026,6,June,19,2020s
20260620,2026-06-20,2026,6,June,20,2020s
20260621,2026-06-21,2026,6,June,21,2020s
20260622,2026-06-22,2026,6,June,22,2020s
20260623,2026-06-23,2026,6,June,23,2020s
20260624,2026-06-24,2026,6,June,24,2020s
20260625,2026-06-25,2026,6,June,25,2020s
20260626,2026-06-26,2026,6,June,26,2020s
20260627,2026-06-27,2026,6,June,27,2020s
