match_key,date_key,tournament_key,round_key,home_team_key,away_team_key,host_team_key,venue,home_score,away_score,total_goals,home_xg,away_xg,attendance,home_penalty_shootout,away_penalty_shootout
1,20221218,2022,1,9,77,161,"Lusail Iconic Stadium, Lusail",3,3,6,3.3,2.2,88966,4.0,2.0
2,20221217,2022,12,51,136,161,"Khalifa International Stadium, Doha",2,1,3,0.7,1.2,44137,,
3,20221214,2022,11,77,136,161,"Al Bayt Stadium, Al Khor",2,0,2,2.0,0.9,68294,,
4,20221213,2022,11,9,51,161,"Lusail Iconic Stadium, Lusail",3,0,3,2.3,0.5,88966,,
5,20221210,2022,7,136,159,161,"Al Thumama Stadium, ath-Thumāma",1,0,1,1.4,0.9,44198,,
6,20221210,2022,7,67,77,161,"Al Bayt Stadium, Al Khor",1,2,3,2.4,0.9,68895,,
7,20221209,2022,7,51,29,161,"Education City Stadium, Doha",1,1,2,0.6,2.5,43893,4.0,2.0
8,20221209,2022,7,141,9,161,"Lusail Iconic Stadium, Lusail",2,2,4,0.6,1.9,88235,3.0,4.0
9,20221206,2022,8,136,184,161,"Education City Stadium, Doha",0,0,0,0.7,1.0,44667,3.0,0.0
10,20221206,2022,8,159,192,161,"Lusail Iconic Stadium, Lusail",6,1,7,2.3,1.2,83720,,
11,20221205,2022,8,104,51,161,"Al Janoub Stadium, Al Wakrah",1,1,2,1.2,1.4,42523,1.0,3.0
12,20221205,2022,8,29,109,161,"Stadium 974, Doha",4,1,5,3.6,0.5,43847,,
13,20221204,2022,8,77,158,161,"Al Thumama Stadium, ath-Thumāma",3,1,4,1.4,1.7,40989,,
14,20221204,2022,8,67,170,161,"Al Bayt Stadium, Al Khor",3,0,3,1.0,0.8,65985,,
15,20221203,2022,8,141,212,161,"Khalifa International Stadium, Doha",3,1,4,1.7,1.5,44846,,
16,20221203,2022,8,9,12,161,"Ahmed bin Ali Stadium, Umm al-Afā'ī",2,1,3,1.6,0.6,45032,,
17,20221202,2022,5,109,159,161,"Education City Stadium, Doha",2,1,3,1.7,1.3,44097,,
18,20221202,2022,5,82,213,161,"Al Janoub Stadium, Al Wakrah",0,2,2,1.6,1.8,43443,,
19,20221202,2022,5,36,29,161,"Lusail Iconic Stadium, Lusail",1,0,1,0.5,2.5,85986,,
20,20221202,2022,5,171,192,161,"Stadium 974, Doha",2,3,5,1.3,2.7,41378,,
21,20221201,2022,5,37,136,161,"Al Thumama Stadium, ath-Thumāma",1,2,3,1.4,0.5,43102,,
22,20221201,2022,5,51,20,161,"Ahmed bin Ali Stadium, Umm al-Afā'ī",0,0,0,0.7,3.0,43984,,
23,20221201,2022,5,50,80,161,"Al Bayt Stadium, Al Khor",2,4,6,1.3,5.7,67054,,
24,20221201,2022,5,104,184,161,"Khalifa International Stadium, Doha",2,1,3,1.4,1.0,44851,,
25,20221130,2022,5,12,59,161,"Al Janoub Stadium, Al Wakrah",1,0,1,0.6,0.6,41232,,
26,20221130,2022,5,204,77,161,"Education City Stadium, Doha",1,0,1,0.5,0.8,43627,,
27,20221130,2022,5,168,131,161,"Lusail Iconic Stadium, Lusail",1,2,3,1.1,2.3,84985,,
28,20221130,2022,5,158,9,161,"Stadium 974, Doha",0,2,2,0.3,3.5,44089,,
29,20221129,2022,5,64,170,161,"Khalifa International Stadium, Doha",1,2,3,0.9,2.1,44569,,
30,20221129,2022,5,141,161,161,"Al Bayt Stadium, Al Khor",2,0,2,1.6,0.1,66784,,
31,20221129,2022,5,96,212,161,"Al Thumama Stadium, ath-Thumāma",0,1,1,0.4,1.2,42127,,
32,20221129,2022,5,218,67,161,"Ahmed bin Ali Stadium, Umm al-Afā'ī",0,3,3,0.3,2.4,44297,,
33,20221128,2022,5,36,171,161,"Al Janoub Stadium, Al Wakrah",3,3,6,2.2,1.9,39789,,
34,20221128,2022,5,109,82,161,"Education City Stadium, Doha",2,3,5,1.8,1.6,43983,,
35,20221128,2022,5,29,192,161,"Stadium 974, Doha",1,0,1,1.0,0.3,43649,,
36,20221128,2022,5,159,213,161,"Lusail Iconic Stadium, Lusail",2,0,2,1.3,1.3,88668,,
37,20221127,2022,5,104,50,161,"Ahmed bin Ali Stadium, Umm al-Afā'ī",0,1,1,0.9,0.1,41479,,
38,20221127,2022,5,20,136,161,"Al Thumama Stadium, ath-Thumāma",0,2,2,1.0,1.5,43738,,
39,20221127,2022,5,51,37,161,"Khalifa International Stadium, Doha",4,1,5,2.6,0.4,44374,,
40,20221127,2022,5,184,80,161,"Al Bayt Stadium, Al Khor",1,1,2,0.6,1.3,68895,,
41,20221126,2022,5,204,12,161,"Al Janoub Stadium, Al Wakrah",0,1,1,0.9,0.6,41823,,
42,20221126,2022,5,158,168,161,"Education City Stadium, Doha",2,0,2,1.6,1.7,44259,,
43,20221126,2022,5,77,59,161,"Stadium 974, Doha",2,1,3,2.4,0.6,42860,,
44,20221126,2022,5,9,131,161,"Lusail Iconic Stadium, Lusail",2,0,2,0.3,0.3,88966,,
45,20221125,2022,5,218,96,161,"Ahmed bin Ali Stadium, Umm al-Afā'ī",0,2,2,0.9,1.4,40875,,
46,20221125,2022,5,161,170,161,"Al Thumama Stadium, ath-Thumāma",1,3,4,1.0,0.8,41797,,
47,20221125,2022,5,141,64,161,"Khalifa International Stadium, Doha",1,1,2,0.1,1.7,44833,,
48,20221125,2022,5,67,212,161,"Al Bayt Stadium, Al Khor",0,0,0,0.8,0.6,68463,,
49,20221124,2022,5,192,36,161,"Al Janoub Stadium, Al Wakrah",1,0,1,1.4,0.7,39089,,
50,20221124,2022,5,213,109,161,"Education City Stadium, Doha",0,0,0,0.6,0.6,41663,,
51,20221124,2022,5,159,82,161,"Stadium 974, Doha",3,2,5,2.0,0.9,42662,,
52,20221124,2022,5,29,171,161,"Lusail Iconic Stadium, Lusail",2,0,2,2.4,0.2,88103,,
53,20221123,2022,5,136,51,161,"Al Bayt Stadium, Al Khor",0,0,0,0.4,0.5,59407,,
54,20221123,2022,5,80,104,161,"Khalifa International Stadium, Doha",1,2,3,3.1,1.5,42608,,
55,20221123,2022,5,184,50,161,"Al Thumama Stadium, ath-Thumāma",7,0,7,3.5,0.0,40013,,
56,20221123,2022,5,20,37,161,"Ahmed bin Ali Stadium, Umm al-Afā'ī",1,0,1,0.8,2.4,40432,,
57,20221122,2022,5,9,168,161,"Lusail Iconic Stadium, Lusail",1,2,3,2.2,0.1,88012,,
58,20221122,2022,5,59,204,161,"Education City Stadium, Doha",0,0,0,1.4,0.9,42925,,
59,20221122,2022,5,131,158,161,"Stadium 974, Doha",0,0,0,0.7,0.9,39369,,
60,20221122,2022,5,77,12,161,"Al Janoub Stadium, Al Wakrah",4,1,5,4.0,0.5,40875,,
61,20221121,2022,5,67,96,161,"Khalifa International Stadium, Doha",6,2,8,2.1,1.4,45334,,
62,20221121,2022,5,170,141,161,"Al Thumama Stadium, ath-Thumāma",0,2,2,0.9,0.7,41721,,
63,20221121,2022,5,212,218,161,"Ahmed bin Ali Stadium, Umm al-Afā'ī",1,1,2,0.8,1.5,43418,,
64,20221120,2022,5,161,64,161,"Al Bayt Stadium, Al Khor",0,2,2,0.3,1.2,67372,,
65,20180715,2018,1,77,51,164,"Olimpiyskiy stadion Luzhniki, Moskva",4,2,6,1.1,1.1,78011,,
66,20180714,2018,12,20,67,164,"Gazprom Arena, Sankt-Petersburg",2,0,2,1.5,1.0,64406,,
67,20180711,2018,11,51,67,164,"Olimpiyskiy stadion Luzhniki, Moskva",2,1,3,1.7,0.6,78011,,
68,20180710,2018,11,77,20,164,"Gazprom Arena, Sankt-Petersburg",1,0,1,1.7,0.4,64286,,
69,20180707,2018,7,191,67,164,"Cosmos Arena, Samara",0,2,2,0.5,1.0,39991,,
70,20180707,2018,7,164,51,164,"Olimpiyskiy Stadion Fisht, Sochi",2,2,4,1.0,1.7,44287,3.0,4.0
71,20180706,2018,7,213,77,164,"Stadion Nizhny Novgorod, Nizhny Novgorod",0,2,2,0.9,0.5,43319,,
72,20180706,2018,7,29,20,164,"Kazan Arena, Kazan",1,2,3,2.8,0.5,42873,,
73,20180703,2018,8,191,192,164,"Gazprom Arena, Sankt-Petersburg",1,0,1,1.3,0.7,64042,,
74,20180703,2018,8,45,67,164,"Otkrytie Arena, Moskva",1,1,2,0.6,2.1,44190,3.0,4.0
75,20180702,2018,8,29,131,164,"Cosmos Arena, Samara",2,0,2,2.7,0.7,41970,,
76,20180702,2018,8,20,104,164,"Rostov Arena, Rostov-na-Donu",3,2,5,2.5,0.7,41466,,
77,20180701,2018,8,184,164,164,"Olimpiyskiy stadion Luzhniki, Moskva",1,1,2,1.8,1.0,78011,3.0,4.0
78,20180701,2018,8,51,59,164,"Stadion Nizhny Novgorod, Nizhny Novgorod",1,1,2,2.5,0.9,40851,3.0,2.0
79,20180630,2018,8,77,9,164,"Kazan Arena, Kazan",4,3,7,2.2,0.8,42873,,
80,20180630,2018,8,213,159,164,"Olimpiyskiy Stadion Fisht, Sochi",2,1,3,0.6,1.0,44287,,
81,20180628,2018,5,104,158,164,"Volgograd Arena, Volgograd",0,1,1,0.7,1.4,42189,,
82,20180628,2018,5,170,45,164,"Cosmos Arena, Samara",0,1,1,0.5,0.3,41970,,
83,20180628,2018,5,67,20,164,"Kaliningrad Stadium, Kaliningrad",0,1,1,0.9,1.3,33973,,
84,20180628,2018,5,153,204,164,"Mordovia Arena, Saransk",1,2,3,0.6,2.1,37168,,
85,20180627,2018,5,109,80,164,"Kazan Arena, Kazan",2,0,2,1.7,2.7,41835,,
86,20180627,2018,5,131,191,164,"Stadion Central'nyj, Yekaterinburg",0,3,3,1.4,2.4,33061,,
87,20180627,2018,5,192,50,164,"Stadion Nizhny Novgorod, Nizhny Novgorod",2,2,4,1.4,1.5,43319,,
88,20180627,2018,5,171,29,164,"Otkrytie Arena, Moskva",0,2,2,0.8,1.4,44190,,
89,20180626,2018,5,12,156,164,"Olimpiyskiy Stadion Fisht, Sochi",0,2,2,0.9,0.2,44073,,
90,20180626,2018,5,59,77,164,"Olimpiyskiy stadion Luzhniki, Moskva",0,0,0,0.2,0.4,78011,,
91,20180626,2018,5,97,51,164,"Rostov Arena, Rostov-na-Donu",1,2,3,2.1,0.7,43472,,
92,20180626,2018,5,146,9,164,"Gazprom Arena, Sankt-Petersburg",1,2,3,1.4,0.9,64468,,
93,20180625,2018,5,168,65,164,"Volgograd Arena, Volgograd",2,1,3,2.6,0.8,36823,,
94,20180625,2018,5,213,164,164,"Cosmos Arena, Samara",3,0,3,2.4,0.1,41970,,
95,20180625,2018,5,184,136,164,"Kaliningrad Stadium, Kaliningrad",2,2,4,2.9,1.2,33973,,
96,20180625,2018,5,96,159,164,"Mordovia Arena, Saransk",1,1,2,1.4,1.3,41685,,
97,20180624,2018,5,67,153,164,"Stadion Nizhny Novgorod, Nizhny Novgorod",6,1,7,2.8,1.1,43319,,
98,20180624,2018,5,104,170,164,"Stadion Central'nyj, Yekaterinburg",2,2,4,0.9,1.4,32572,,
99,20180624,2018,5,158,45,164,"Kazan Arena, Kazan",0,3,3,1.1,2.1,42873,,
100,20180623,2018,5,20,204,164,"Otkrytie Arena, Moskva",5,2,7,5.2,1.1,44190,,
101,20180623,2018,5,109,131,164,"Rostov Arena, Rostov-na-Donu",1,2,3,0.9,1.9,43472,,
102,20180623,2018,5,80,191,164,"Olimpiyskiy Stadion Fisht, Sochi",2,1,3,1.4,0.9,44287,,
103,20180622,2018,5,29,50,164,"Gazprom Arena, Sankt-Petersburg",2,0,2,2.6,0.1,64468,,
104,20180622,2018,5,146,97,164,"Volgograd Arena, Volgograd",2,0,2,0.9,1.3,40904,,
105,20180622,2018,5,171,192,164,"Kaliningrad Stadium, Kaliningrad",1,2,3,1.5,2.1,33167,,
106,20180621,2018,5,59,12,164,"Cosmos Arena, Samara",1,1,2,0.8,1.3,40727,,
107,20180621,2018,5,77,156,164,"Stadion Central'nyj, Yekaterinburg",1,0,1,2.0,0.4,32789,,
108,20180621,2018,5,9,51,164,"Stadion Nizhny Novgorod, Nizhny Novgorod",0,3,3,1.3,1.9,43319,,
109,20180620,2018,5,159,136,164,"Olimpiyskiy stadion Luzhniki, Moskva",1,0,1,1.2,0.9,78011,,
110,20180620,2018,5,213,168,164,"Rostov Arena, Rostov-na-Donu",1,0,1,1.7,0.3,42678,,
111,20180620,2018,5,96,184,164,"Kazan Arena, Kazan",0,1,1,0.7,1.9,42718,,
112,20180619,2018,5,45,104,164,"Mordovia Arena, Saransk",1,2,3,1.0,2.0,40842,,
113,20180619,2018,5,158,170,164,"Otkrytie Arena, Moskva",1,2,3,0.8,1.0,44190,,
114,20180619,2018,5,164,65,164,"Gazprom Arena, Sankt-Petersburg",3,1,4,1.2,1.4,64468,,
115,20180618,2018,5,191,109,164,"Stadion Nizhny Novgorod, Nizhny Novgorod",1,0,1,2.3,0.3,42300,,
116,20180618,2018,5,20,153,164,"Olimpiyskiy Stadion Fisht, Sochi",3,0,3,2.0,0.5,43257,,
117,20180618,2018,5,204,67,164,"Volgograd Arena, Volgograd",1,2,3,1.0,2.8,41064,,
118,20180617,2018,5,50,171,164,"Cosmos Arena, Samara",0,1,1,0.9,0.9,41432,,
119,20180617,2018,5,80,131,164,"Olimpiyskiy stadion Luzhniki, Moskva",0,1,1,1.4,1.3,78011,,
120,20180617,2018,5,29,192,164,"Rostov Arena, Rostov-na-Donu",1,1,2,2.2,0.9,43109,,
121,20180616,2018,5,77,12,164,"Kazan Arena, Kazan",2,1,3,1.3,1.0,41279,,
122,20180616,2018,5,9,97,164,"Otkrytie Arena, Moskva",1,1,2,1.9,1.0,44190,,
123,20180616,2018,5,156,59,164,"Mordovia Arena, Saransk",0,1,1,1.7,1.0,40502,,
124,20180616,2018,5,51,146,164,"Kaliningrad Stadium, Kaliningrad",2,0,2,1.5,0.7,31136,,
125,20180615,2018,5,65,213,164,"Stadion Central'nyj, Yekaterinburg",0,1,1,0.3,1.6,27015,,
126,20180615,2018,5,136,96,164,"Gazprom Arena, Sankt-Petersburg",0,1,1,0.7,1.0,62548,,
127,20180615,2018,5,159,184,164,"Olimpiyskiy Stadion Fisht, Sochi",3,3,6,1.2,1.6,43866,,
128,20180614,2018,5,164,168,164,"Olimpiyskiy stadion Luzhniki, Moskva",5,0,5,1.7,0.2,78011,,
129,20140713,2014,1,80,9,29,"Estadio Jornalista Mário Filho, Rio de Janeiro",1,0,1,,,74738,,
130,20140712,2014,12,29,141,29,"Estádio Nacional de Brasília, Brasília",0,3,3,,,68034,,
131,20140709,2014,11,141,9,29,"Arena Corinthians, São Paulo",0,0,0,,,63267,2.0,4.0
132,20140708,2014,11,29,80,29,"Estádio Governador Magalhães Pinto, Belo Horizonte",1,7,8,,,58141,,
133,20140705,2014,7,9,20,29,"Estádio Nacional de Brasília, Brasília",1,0,1,,,68551,,
134,20140705,2014,7,141,50,29,"Itaipava Arena Fonte Nova, Salvador",0,0,0,,,51179,4.0,3.0
135,20140704,2014,7,77,80,29,"Estadio Jornalista Mário Filho, Rio de Janeiro",0,1,1,,,74240,,
136,20140704,2014,7,29,45,29,"Estádio Castelão, Fortaleza",2,1,3,,,60342,,
137,20140701,2014,8,9,192,29,"Arena Corinthians, São Paulo",1,0,1,,,63255,,
138,20140701,2014,8,20,212,29,"Itaipava Arena Fonte Nova, Salvador",2,1,3,,,51227,,
139,20140630,2014,8,77,146,29,"Estádio Nacional de Brasília, Brasília",2,0,2,,,67882,,
140,20140630,2014,8,80,3,29,"Estádio José Pinheiro Borba, Porto Alegre",2,1,3,,,43063,,
141,20140629,2014,8,141,131,29,"Estádio Castelão, Fortaleza",2,1,3,,,58817,,
142,20140629,2014,8,50,84,29,"Itaipava Arena Pernambuco, Recife",1,1,2,,,41242,5.0,3.0
143,20140628,2014,8,29,42,29,"Estádio Governador Magalhães Pinto, Belo Horizonte",1,1,2,,,57714,3.0,2.0
144,20140628,2014,8,45,213,29,"Estadio Jornalista Mário Filho, Rio de Janeiro",2,0,2,,,73804,,
145,20140626,2014,5,212,80,29,"Itaipava Arena Pernambuco, Recife",0,1,1,,,41876,,
146,20140626,2014,5,159,82,29,"Estádio Nacional de Brasília, Brasília",2,1,3,,,67540,,
147,20140626,2014,5,109,20,29,"Arena Corinthians, São Paulo",0,1,1,,,61397,,
148,20140626,2014,5,3,164,29,"Estádio Joaquim Américo Guimarães, Curitiba",1,1,2,,,39311,,
149,20140625,2014,5,26,96,29,"Itaipava Arena Fonte Nova, Salvador",3,1,4,,,48011,,
150,20140625,2014,5,146,9,29,"Estádio José Pinheiro Borba, Porto Alegre",2,3,5,,,43285,,
151,20140625,2014,5,92,192,29,"Arena da Amazônia, Manaus",0,3,3,,,40322,,
152,20140625,2014,5,64,77,29,"Estadio Jornalista Mário Filho, Rio de Janeiro",0,0,0,,,73749,,
153,20140624,2014,5,50,67,29,"Estádio Governador Magalhães Pinto, Belo Horizonte",0,0,0,,,57823,,
154,20140624,2014,5,102,213,29,"Arena das Dunas, Natal",0,1,1,,,39706,,
155,20140624,2014,5,104,45,29,"Arena Pantanal, Cuiabá",1,4,5,,,40340,,
156,20140624,2014,5,84,58,29,"Estádio Castelão, Fortaleza",2,1,3,,,59095,,
157,20140623,2014,5,12,184,29,"Estádio Joaquim Américo Guimarães, Curitiba",0,3,3,,,39375,,
158,20140623,2014,5,141,42,29,"Arena Corinthians, São Paulo",2,0,2,,,62996,,
159,20140623,2014,5,51,131,29,"Itaipava Arena Pernambuco, Recife",1,3,4,,,41212,,
160,20140623,2014,5,36,29,29,"Estádio Nacional de Brasília, Brasília",1,4,5,,,69112,,
161,20140622,2014,5,20,164,29,"Estadio Jornalista Mário Filho, Rio de Janeiro",1,0,1,,,73819,,
162,20140622,2014,5,109,3,29,"Estádio José Pinheiro Borba, Porto Alegre",2,4,6,,,42732,,
163,20140622,2014,5,212,159,29,"Arena da Amazônia, Manaus",2,2,4,,,40123,,
164,20140621,2014,5,9,96,29,"Estádio Governador Magalhães Pinto, Belo Horizonte",1,0,1,,,57698,,
165,20140621,2014,5,80,82,29,"Estádio Castelão, Fortaleza",2,2,4,,,59621,,
166,20140621,2014,5,146,26,29,"Arena Pantanal, Cuiabá",1,0,1,,,40499,,
167,20140620,2014,5,102,50,29,"Itaipava Arena Pernambuco, Recife",0,1,1,,,40285,,
168,20140620,2014,5,192,77,29,"Itaipava Arena Fonte Nova, Salvador",2,5,7,,,51003,,
169,20140620,2014,5,92,64,29,"Estádio Joaquim Américo Guimarães, Curitiba",1,2,3,,,39224,,
170,20140619,2014,5,45,58,29,"Estádio Nacional de Brasília, Brasília",2,1,3,,,68748,,
171,20140619,2014,5,213,67,29,"Arena Corinthians, São Paulo",2,1,3,,,62575,,
172,20140619,2014,5,104,84,29,"Arena das Dunas, Natal",0,0,0,,,39485,,
173,20140618,2014,5,12,141,29,"Estádio José Pinheiro Borba, Porto Alegre",2,3,5,,,42877,,
174,20140618,2014,5,184,42,29,"Estadio Jornalista Mário Filho, Rio de Janeiro",0,2,2,,,74101,,
175,20140618,2014,5,36,51,29,"Arena da Amazônia, Manaus",0,4,4,,,39982,,
176,20140617,2014,5,20,3,29,"Estádio Governador Magalhães Pinto, Belo Horizonte",2,1,3,,,56800,,
177,20140617,2014,5,29,131,29,"Estádio Castelão, Fortaleza",0,0,0,,,60342,,
178,20140617,2014,5,164,109,29,"Arena Pantanal, Cuiabá",1,1,2,,,37603,,
179,20140616,2014,5,80,159,29,"Itaipava Arena Fonte Nova, Salvador",4,0,4,,,51081,,
180,20140616,2014,5,96,146,29,"Estádio Joaquim Américo Guimarães, Curitiba",0,0,0,,,39081,,
181,20140616,2014,5,82,212,29,"Arena das Dunas, Natal",1,2,3,,,39760,,
182,20140615,2014,5,192,64,29,"Estádio Nacional de Brasília, Brasília",2,1,3,,,68351,,
183,20140615,2014,5,77,92,29,"Estádio José Pinheiro Borba, Porto Alegre",3,0,3,,,43012,,
184,20140615,2014,5,9,26,29,"Estadio Jornalista Mário Filho, Rio de Janeiro",2,1,3,,,74738,,
185,20140614,2014,5,45,84,29,"Estádio Governador Magalhães Pinto, Belo Horizonte",3,0,3,,,57174,,
186,20140614,2014,5,213,50,29,"Estádio Castelão, Fortaleza",1,3,4,,,58679,,
187,20140614,2014,5,67,102,29,"Arena da Amazônia, Manaus",1,2,3,,,39800,,
188,20140614,2014,5,58,104,29,"Itaipava Arena Pernambuco, Recife",2,1,3,,,40267,,
189,20140613,2014,5,131,36,29,"Arena das Dunas, Natal",1,0,1,,,39216,,
190,20140613,2014,5,184,141,29,"Itaipava Arena Fonte Nova, Salvador",1,5,6,,,48173,,
191,20140613,2014,5,42,12,29,"Arena Pantanal, Cuiabá",3,1,4,,,40275,,
192,20140612,2014,5,29,51,29,"Arena Corinthians, São Paulo",3,1,4,,,62103,,
193,20100711,2010,1,141,184,180,"Soccer City, Johannesburg",0,1,1,,,84490,,
194,20100710,2010,12,213,80,180,"Nelson Mandela Bay Stadium, Port Elizabeth",2,3,5,,,36254,,
195,20100707,2010,11,80,184,180,"Moses Mabhida Stadium, Durban",0,1,1,,,60960,,
196,20100706,2010,11,213,141,180,"Cape Town Stadium, Cape Town",2,3,5,,,62479,,
197,20100703,2010,7,9,80,180,"Cape Town Stadium, Cape Town",0,4,4,,,64100,,
198,20100703,2010,7,155,184,180,"Emirates Airline Park, Johannesburg",0,1,1,,,55359,,
199,20100702,2010,7,141,29,180,"Nelson Mandela Bay Stadium, Port Elizabeth",2,1,3,,,40186,,
200,20100702,2010,7,213,82,180,"Soccer City, Johannesburg",1,1,2,,,84017,4.0,2.0
201,20100629,2010,8,155,104,180,"Loftus Versfeld Stadium, Pretoria",0,0,0,,,36742,5.0,3.0
202,20100629,2010,8,184,159,180,"Cape Town Stadium, Cape Town",1,0,1,,,62955,,
203,20100628,2010,8,141,176,180,"Moses Mabhida Stadium, Durban",2,1,3,,,61962,,
204,20100628,2010,8,29,42,180,"Emirates Airline Park, Johannesburg",3,0,3,,,54096,,
205,20100627,2010,8,80,67,180,"Toyota Stadium, Bloemfontein",4,1,5,,,40510,,
206,20100627,2010,8,9,131,180,"Soccer City, Johannesburg",3,1,4,,,84377,,
207,20100626,2010,8,213,109,180,"Nelson Mandela Bay Stadium, Port Elizabeth",2,1,3,,,30597,,
208,20100626,2010,8,212,82,180,"Royal Bafokeng Stadium, Phokeng",1,2,3,,,34976,,
209,20100625,2010,5,159,29,180,"Moses Mabhida Stadium, Durban",0,0,0,,,62712,,
210,20100625,2010,5,108,58,180,"Mbombela Stadium, Nelspruit",0,3,3,,,34763,,
211,20100625,2010,5,42,184,180,"Loftus Versfeld Stadium, Pretoria",1,2,3,,,41958,,
212,20100625,2010,5,192,92,180,"Toyota Stadium, Bloemfontein",0,0,0,,,28042,,
213,20100624,2010,5,155,143,180,"Peter Mokaba Stadium, Polokwane",0,0,0,,,34850,,
214,20100624,2010,5,176,102,180,"Emirates Airline Park, Johannesburg",3,2,5,,,53412,,
215,20100624,2010,5,59,104,180,"Royal Bafokeng Stadium, Phokeng",1,3,4,,,27967,,
216,20100624,2010,5,36,141,180,"Cape Town Stadium, Cape Town",1,2,3,,,63093,,
217,20100623,2010,5,177,67,180,"Nelson Mandela Bay Stadium, Port Elizabeth",0,1,1,,,36893,,
218,20100623,2010,5,212,3,180,"Loftus Versfeld Stadium, Pretoria",1,0,1,,,35827,,
219,20100623,2010,5,82,80,180,"Soccer City, Johannesburg",0,1,1,,,83391,,
220,20100623,2010,5,12,171,180,"Mbombela Stadium, Nelspruit",2,1,3,,,37836,,
221,20100622,2010,5,131,213,180,"Royal Bafokeng Stadium, Phokeng",0,1,1,,,33425,,
222,20100622,2010,5,77,180,180,"Toyota Stadium, Bloemfontein",1,2,3,,,39415,,
223,20100622,2010,5,146,109,180,"Moses Mabhida Stadium, Durban",2,2,4,,,61874,,
224,20100622,2010,5,84,9,180,"Peter Mokaba Stadium, Polokwane",0,2,2,,,38891,,
225,20100621,2010,5,159,108,180,"Cape Town Stadium, Cape Town",7,0,7,,,63644,,
226,20100621,2010,5,42,192,180,"Nelson Mandela Bay Stadium, Port Elizabeth",1,0,1,,,34872,,
227,20100621,2010,5,184,92,180,"Emirates Airline Park, Johannesburg",2,0,2,,,54386,,
228,20100620,2010,5,176,155,180,"Toyota Stadium, Bloemfontein",0,2,2,,,26643,,
229,20100620,2010,5,102,143,180,"Mbombela Stadium, Nelspruit",1,1,2,,,38229,,
230,20100620,2010,5,29,58,180,"Soccer City, Johannesburg",3,1,4,,,84455,,
231,20100619,2010,5,141,104,180,"Moses Mabhida Stadium, Durban",1,0,1,,,62010,,
232,20100619,2010,5,82,12,180,"Royal Bafokeng Stadium, Phokeng",1,1,2,,,34812,,
233,20100619,2010,5,36,59,180,"Loftus Versfeld Stadium, Pretoria",1,2,3,,,38074,,
234,20100618,2010,5,80,171,180,"Nelson Mandela Bay Stadium, Port Elizabeth",0,1,1,,,38294,,
235,20100618,2010,5,177,212,180,"Emirates Airline Park, Johannesburg",2,2,4,,,45573,,
236,20100618,2010,5,67,3,180,"Cape Town Stadium, Cape Town",0,0,0,,,64100,,
237,20100617,2010,5,9,109,180,"Soccer City, Johannesburg",4,1,5,,,82174,,
238,20100617,2010,5,84,146,180,"Toyota Stadium, Bloemfontein",2,1,3,,,31593,,
239,20100617,2010,5,77,131,180,"Peter Mokaba Stadium, Polokwane",0,2,2,,,35370,,
240,20100616,2010,5,92,42,180,"Mbombela Stadium, Nelspruit",0,1,1,,,32664,,
241,20100616,2010,5,184,192,180,"Moses Mabhida Stadium, Durban",0,1,1,,,62453,,
242,20100616,2010,5,180,213,180,"Loftus Versfeld Stadium, Pretoria",0,3,3,,,42658,,
243,20100615,2010,5,143,176,180,"Royal Bafokeng Stadium, Phokeng",1,1,2,,,23871,,
244,20100615,2010,5,58,159,180,"Nelson Mandela Bay Stadium, Port Elizabeth",0,0,0,,,37034,,
245,20100615,2010,5,29,108,180,"Emirates Airline Park, Johannesburg",2,1,3,,,54331,,
246,20100614,2010,5,141,59,180,"Soccer City, Johannesburg",2,0,2,,,83465,,
247,20100614,2010,5,104,36,180,"Toyota Stadium, Bloemfontein",1,0,1,,,30620,,
248,20100614,2010,5,102,155,180,"Cape Town Stadium, Cape Town",1,1,2,,,62869,,
249,20100613,2010,5,3,177,180,"Peter Mokaba Stadium, Polokwane",0,1,1,,,30325,,
250,20100613,2010,5,171,82,180,"Loftus Versfeld Stadium, Pretoria",0,1,1,,,38833,,
251,20100613,2010,5,80,12,180,"Moses Mabhida Stadium, Durban",4,0,4,,,62660,,
252,20100612,2010,5,109,84,180,"Nelson Mandela Bay Stadium, Port Elizabeth",2,0,2,,,31513,,
253,20100612,2010,5,9,146,180,"Emirates Airline Park, Johannesburg",1,0,1,,,55686,,
254,20100612,2010,5,67,212,180,"Royal Bafokeng Stadium, Phokeng",1,1,2,,,38646,,
255,20100611,2010,5,180,131,180,"Soccer City, Johannesburg",1,1,2,,,84490,,
256,20100611,2010,5,213,77,180,"Cape Town Stadium, Cape Town",0,0,0,,,64100,,
257,20060709,2006,1,102,77,80,"Olympiastadion Berlin, Berlin",1,1,2,,,69000,5.0,3.0
258,20060708,2006,12,80,159,80,"Mercedes-Benz Arena, Stuttgart",3,1,4,,,52000,,
259,20060705,2006,11,159,77,80,"Allianz Arena, München",0,1,1,,,66000,,
260,20060704,2006,11,80,102,80,"Signal Iduna Park, Dortmund",0,2,2,,,65000,,
261,20060701,2006,7,67,159,80,"Veltins-Arena, Gelsenkirchen",0,0,0,,,52000,1.0,3.0
262,20060701,2006,7,29,77,80,"Commerzbank-Arena, Frankfurt am Main",0,1,1,,,48000,,
263,20060630,2006,7,80,9,80,"Olympiastadion Berlin, Berlin",1,1,2,,,72000,4.0,2.0
264,20060630,2006,7,102,210,80,"Volksparkstadion, Hamburg",3,0,3,,,50000,,
265,20060627,2006,8,29,82,80,"Signal Iduna Park, Dortmund",3,0,3,,,65000,,
266,20060627,2006,8,184,77,80,"HDI-Arena, Hannover",1,3,4,,,43000,,
267,20060626,2006,8,102,12,80,"Fritz-Walter-Stadion, Kaiserslautern",1,0,1,,,46000,,
268,20060626,2006,8,192,210,80,"RheinEnergieSTADION, Köln",0,0,0,,,45000,0.0,3.0
269,20060625,2006,8,67,64,80,"Mercedes-Benz Arena, Stuttgart",1,0,1,,,52000,,
270,20060625,2006,8,159,141,80,"Max-Morlock-Stadion, Nürnberg",1,0,1,,,41000,,
271,20060624,2006,8,80,191,80,"Allianz Arena, München",2,0,2,,,66000,,
272,20060624,2006,8,9,131,80,"Red Bull Arena, Leipzig",2,1,3,,,43000,,
273,20060623,2006,5,168,184,80,"Fritz-Walter-Stadion, Kaiserslautern",0,1,1,,,46000,,
274,20060623,2006,5,210,204,80,"Olympiastadion Berlin, Berlin",1,0,1,,,72000,,
275,20060623,2006,5,201,77,80,"RheinEnergieSTADION, Köln",0,2,2,,,45000,,
276,20060623,2006,5,192,109,80,"HDI-Arena, Hannover",2,0,2,,,43000,,
277,20060622,2006,5,82,212,80,"Max-Morlock-Stadion, Nürnberg",2,1,3,,,41000,,
278,20060622,2006,5,55,102,80,"Volksparkstadion, Hamburg",0,2,2,,,50000,,
279,20060622,2006,5,104,29,80,"Signal Iduna Park, Dortmund",1,4,5,,,65000,,
280,20060622,2006,5,51,12,80,"Mercedes-Benz Arena, Stuttgart",2,2,4,,,52000,,
281,20060621,2006,5,159,131,80,"Veltins-Arena, Gelsenkirchen",2,1,3,,,52000,,
282,20060621,2006,5,96,6,80,"Red Bull Arena, Leipzig",1,1,2,,,38000,,
283,20060621,2006,5,58,172,80,"Allianz Arena, München",3,2,5,,,66000,,
284,20060621,2006,5,141,9,80,"Commerzbank-Arena, Frankfurt am Main",0,0,0,,,48000,,
285,20060620,2006,5,50,158,80,"HDI-Arena, Hannover",1,2,3,,,43000,,
286,20060620,2006,5,64,80,80,"Olympiastadion Berlin, Berlin",0,3,3,,,72000,,
287,20060620,2006,5,155,203,80,"Fritz-Walter-Stadion, Kaiserslautern",2,0,2,,,46000,,
288,20060620,2006,5,191,67,80,"RheinEnergieSTADION, Köln",2,2,4,,,45000,,
289,20060619,2006,5,201,192,80,"Signal Iduna Park, Dortmund",0,2,2,,,65000,,
290,20060619,2006,5,168,210,80,"Volksparkstadion, Hamburg",0,4,4,,,50000,,
291,20060619,2006,5,184,204,80,"Mercedes-Benz Arena, Stuttgart",3,1,4,,,52000,,
292,20060618,2006,5,104,51,80,"Max-Morlock-Stadion, Nürnberg",0,0,0,,,41000,,
293,20060618,2006,5,29,12,80,"Allianz Arena, München",2,0,2,,,66000,,
294,20060618,2006,5,77,109,80,"Red Bull Arena, Leipzig",1,1,2,,,43000,,
295,20060617,2006,5,159,96,80,"Commerzbank-Arena, Frankfurt am Main",2,0,2,,,48000,,
296,20060617,2006,5,55,82,80,"RheinEnergieSTADION, Köln",0,2,2,,,45000,,
297,20060617,2006,5,102,212,80,"Fritz-Walter-Stadion, Kaiserslautern",1,1,2,,,46000,,
298,20060616,2006,5,9,172,80,"Veltins-Arena, Gelsenkirchen",6,0,6,,,52000,,
299,20060616,2006,5,141,58,80,"Mercedes-Benz Arena, Stuttgart",2,1,3,,,52000,,
300,20060616,2006,5,131,6,80,"HDI-Arena, Hannover",0,0,0,,,43000,,
301,20060615,2006,5,64,50,80,"Veltins-Arena, Gelsenkirchen",3,0,3,,,50000,,
302,20060615,2006,5,67,203,80,"Max-Morlock-Stadion, Nürnberg",2,0,2,,,41000,,
303,20060615,2006,5,191,155,80,"Olympiastadion Berlin, Berlin",1,0,1,,,72000,,
304,20060614,2006,5,184,210,80,"Red Bull Arena, Leipzig",4,0,4,,,43000,,
305,20060614,2006,5,204,168,80,"Allianz Arena, München",2,2,4,,,66000,,
306,20060614,2006,5,80,158,80,"Signal Iduna Park, Dortmund",1,0,1,,,65000,,
307,20060613,2006,5,109,201,80,"Commerzbank-Arena, Frankfurt am Main",2,1,3,,,48000,,
308,20060613,2006,5,77,192,80,"Mercedes-Benz Arena, Stuttgart",0,0,0,,,52000,,
309,20060613,2006,5,29,51,80,"Olympiastadion Berlin, Berlin",1,0,1,,,72000,,
310,20060612,2006,5,12,104,80,"Fritz-Walter-Stadion, Kaiserslautern",3,1,4,,,46000,,
311,20060612,2006,5,212,55,80,"Veltins-Arena, Gelsenkirchen",0,3,3,,,52000,,
312,20060612,2006,5,102,82,80,"HDI-Arena, Hannover",2,0,2,,,43000,,
313,20060611,2006,5,172,141,80,"Red Bull Arena, Leipzig",0,1,1,,,37216,,
314,20060611,2006,5,131,96,80,"Max-Morlock-Stadion, Nürnberg",3,1,4,,,41000,,
315,20060611,2006,5,6,159,80,"RheinEnergieSTADION, Köln",0,1,1,,,45000,,
316,20060610,2006,5,67,155,80,"Commerzbank-Arena, Frankfurt am Main",1,0,1,,,48000,,
317,20060610,2006,5,203,191,80,"Signal Iduna Park, Dortmund",0,0,0,,,62959,,
318,20060610,2006,5,9,58,80,"Volksparkstadion, Hamburg",2,1,3,,,49480,,
319,20060609,2006,5,80,50,80,"Allianz Arena, München",4,2,6,,,64950,,
320,20060609,2006,5,158,64,80,"Veltins-Arena, Gelsenkirchen",0,2,2,,,52000,,
321,20020630,2002,1,80,29,,"Nissan Stadium, Yokohama",0,2,2,,,69029,,
322,20020629,2002,12,109,207,,"Daegu Main Stadium, Daegu",2,3,5,,,63483,,
323,20020626,2002,11,29,207,,"Saitama Stadium 2002, Saitama",1,0,1,,,61058,,
324,20020625,2002,11,80,109,,"Seoul World Cup Stadium, Seoul",1,0,1,,,65625,,
325,20020622,2002,7,184,109,,"Guus Hiddink Stadium, Gwangju",0,0,0,,,42114,3.0,5.0
326,20020622,2002,7,170,207,,"Yanmar Stadium Nagai, Osaka",0,1,1,,,44233,,
327,20020621,2002,7,67,29,,"Daejeon World Cup Stadium, Daejeon",1,2,3,,,47436,,
328,20020621,2002,7,80,212,,"Munsu Cup Stadium, Ulsan",1,0,1,,,37337,,
329,20020618,2002,8,104,207,,"Miyagi Stadium, Rifu",0,1,1,,,45666,,
330,20020618,2002,8,109,102,,"Daejeon World Cup Stadium, Daejeon",2,1,3,,,38588,,
331,20020617,2002,8,131,212,,"Jeonju World Cup Stadium, Jeonju",0,2,2,,,36380,,
332,20020617,2002,8,29,20,,"NOEVIR Stadium Kobe, Kobe",2,0,2,,,40440,,
333,20020616,2002,8,191,170,,"Ōita Bank Dome, Ōita",1,2,3,,,39747,,
334,20020616,2002,8,184,162,,"Suwon World Cup Stadium, Suwon",1,1,2,,,38926,3.0,2.0
335,20020615,2002,8,80,155,,"Jeju World Cup Stadium, Jeju",1,0,1,,,25176,,
336,20020615,2002,8,59,67,,"Denka Big Swan Stadium, Niigata",0,3,3,,,40582,,
337,20020614,2002,5,204,104,,"Yanmar Stadium Nagai, Osaka",0,2,2,,,45213,,
338,20020614,2002,5,20,164,,"Shizuoka Stadium Ecopa, Fukuroi",3,2,5,,,46640,,
339,20020614,2002,5,159,109,,"Incheon Munhak Stadium, Incheon",0,1,1,,,50239,,
340,20020614,2002,5,158,212,,"Daejeon World Cup Stadium, Daejeon",3,1,4,,,26482,,
341,20020613,2002,5,50,29,,"Suwon World Cup Stadium, Suwon",2,5,7,,,38524,,
342,20020613,2002,5,207,43,,"Seoul World Cup Stadium, Seoul",3,0,3,,,43605,,
343,20020613,2002,5,131,102,,"Ōita Bank Dome, Ōita",1,1,2,,,39291,,
344,20020613,2002,5,64,51,,"Nissan Stadium, Yokohama",1,0,1,,,65862,,
345,20020612,2002,5,191,9,,"Miyagi Stadium, Rifu",1,1,2,,,45777,,
346,20020612,2002,5,146,67,,"Yanmar Stadium Nagai, Osaka",0,0,0,,,44864,,
347,20020612,2002,5,180,184,,"Daejeon World Cup Stadium, Daejeon",2,3,5,,,31024,,
348,20020612,2002,5,177,155,,"Jeju World Cup Stadium, Jeju",1,3,4,,,30176,,
349,20020611,2002,5,59,77,,"Incheon Munhak Stadium, Incheon",2,0,2,,,48100,,
350,20020611,2002,5,170,213,,"Suwon World Cup Stadium, Suwon",3,3,6,,,33681,,
351,20020611,2002,5,168,162,,"Nissan Stadium, Yokohama",0,3,3,,,65320,,
352,20020611,2002,5,36,80,,"Shizuoka Stadium Ecopa, Fukuroi",0,2,2,,,47085,,
353,20020610,2002,5,109,212,,"Daegu Main Stadium, Daegu",1,1,2,,,60778,,
354,20020610,2002,5,204,20,,"Ōita Bank Dome, Ōita",1,1,2,,,39700,,
355,20020610,2002,5,159,158,,"Jeonju World Cup Stadium, Jeonju",4,0,4,,,31000,,
356,20020609,2002,5,131,64,,"Sapporo Dome, Sapporo",2,1,3,,,45610,,
357,20020609,2002,5,50,207,,"Incheon Munhak Stadium, Incheon",1,1,2,,,42299,,
358,20020609,2002,5,104,164,,"Nissan Stadium, Yokohama",1,0,1,,,66108,,
359,20020608,2002,5,180,177,,"Daegu Main Stadium, Daegu",1,0,1,,,47226,,
360,20020608,2002,5,102,51,,"Kashima Soccer Stadium, Kashima",1,2,3,,,36472,,
361,20020608,2002,5,29,43,,"Jeju World Cup Stadium, Jeju",4,0,4,,,36750,,
362,20020607,2002,5,191,146,,"NOEVIR Stadium Kobe, Kobe",2,1,3,,,36194,,
363,20020607,2002,5,184,155,,"Jeonju World Cup Stadium, Jeonju",3,1,4,,,24000,,
364,20020607,2002,5,9,67,,"Sapporo Dome, Sapporo",0,1,1,,,35927,,
365,20020606,2002,5,59,170,,"Daegu Main Stadium, Daegu",1,1,2,,,43500,,
366,20020606,2002,5,36,168,,"Saitama Stadium 2002, Saitama",1,0,1,,,52328,,
367,20020606,2002,5,77,213,,"Busan Sport Complex Asiad Stadium, Busan",0,0,0,,,38070,,
368,20020605,2002,5,164,204,,"NOEVIR Stadium Kobe, Kobe",2,0,2,,,30957,,
369,20020605,2002,5,212,159,,"Suwon World Cup Stadium, Suwon",3,2,5,,,37306,,
370,20020605,2002,5,80,162,,"Kashima Soccer Stadium, Kashima",1,1,2,,,35854,,
371,20020604,2002,5,43,50,,"Guus Hiddink Stadium, Gwangju",0,2,2,,,27217,,
372,20020604,2002,5,104,20,,"Saitama Stadium 2002, Saitama",2,2,4,,,55256,,
373,20020604,2002,5,109,158,,"Busan Sport Complex Asiad Stadium, Busan",2,0,2,,,48760,,
374,20020603,2002,5,51,131,,"Denka Big Swan Stadium, Niigata",0,1,1,,,32239,,
375,20020603,2002,5,29,207,,"Munsu Cup Stadium, Ulsan",2,1,3,,,33842,,
376,20020603,2002,5,102,64,,"Sapporo Dome, Sapporo",2,0,2,,,31081,,
377,20020602,2002,5,9,146,,"Kashima Soccer Stadium, Kashima",1,0,1,,,34050,,
378,20020602,2002,5,155,180,,"Busan Sport Complex Asiad Stadium, Busan",2,2,4,,,25186,,
379,20020602,2002,5,67,191,,"Saitama Stadium 2002, Saitama",1,1,2,,,52721,,
380,20020602,2002,5,184,177,,"Guus Hiddink Stadium, Gwangju",3,1,4,,,28588,,
381,20020601,2002,5,162,36,,"Denka Big Swan Stadium, Niigata",1,1,2,,,33679,,
382,20020601,2002,5,213,59,,"Munsu Cup Stadium, Ulsan",1,2,3,,,30157,,
383,20020601,2002,5,80,168,,"Sapporo Dome, Sapporo",8,0,8,,,32218,,
384,20020531,2002,5,77,170,,"Seoul World Cup Stadium, Seoul",0,1,1,,,62561,,
385,19980712,1998,1,29,77,77,"Stade de France, Paris",0,3,3,,,80000,,
386,19980711,1998,12,141,51,77,"Parc des Princes, Paris",1,2,3,,,44000,,
387,19980708,1998,11,77,51,77,"Stade de France, Paris",2,1,3,,,80000,,
388,19980707,1998,11,29,141,77,"Orange Vélodrome, Marseille",1,1,2,,,60000,4.0,2.0
389,19980704,1998,7,141,9,77,"Orange Vélodrome, Marseille",2,1,3,,,60000,,
390,19980704,1998,7,80,51,77,"Matmut Stadium de Gerland, Lyon",0,3,3,,,43300,,
391,19980703,1998,7,102,77,77,"Stade de France, Paris",0,0,0,,,80000,3.0,4.0
392,19980703,1998,7,29,59,77,"Stade de la Beaujoire - Louis Fonteneau, Nantes",3,2,5,,,49500,,
393,19980630,1998,8,163,51,77,"Stade Jacques Chaban-Delmas, Bordeaux",0,1,1,,,31800,,
394,19980630,1998,8,9,67,77,"Stade Geoffroy-Guichard, Saint-Étienne",2,2,4,,,30600,4.0,3.0
395,19980629,1998,8,80,131,77,"Stade de la Mosson, Montpellier",2,1,3,,,29800,,
396,19980629,1998,8,141,73,77,"Stadium Municipal, Toulouse",2,1,3,,,33000,,
397,19980628,1998,8,77,155,77,"Stade Bollaert-Delelis, Lens",1,0,1,,,31800,,
398,19980628,1998,8,146,59,77,"Stade de France, Paris",1,4,5,,,77000,,
399,19980627,1998,8,102,149,77,"Orange Vélodrome, Marseille",1,0,1,,,55000,,
400,19980627,1998,8,29,42,77,"Parc des Princes, Paris",4,1,5,,,45500,,
401,19980626,1998,5,9,51,77,"Stade Jacques Chaban-Delmas, Bordeaux",1,0,1,,,31800,,
402,19980626,1998,5,104,103,77,"Matmut Stadium de Gerland, Lyon",1,2,3,,,39100,,
403,19980626,1998,5,163,204,77,"Stade de France, Paris",1,1,2,,,80000,,
404,19980626,1998,5,45,67,77,"Stade Bollaert-Delelis, Lens",0,2,2,,,42000,,
405,19980625,1998,5,141,131,77,"Stade Geoffroy-Guichard, Saint-Étienne",2,2,4,,,30600,,
406,19980625,1998,5,20,109,77,"Parc des Princes, Paris",1,1,2,,,45500,,
407,19980625,1998,5,212,73,77,"Stade de la Beaujoire - Louis Fonteneau, Nantes",0,1,1,,,38500,,
408,19980625,1998,5,80,96,77,"Stade de la Mosson, Montpellier",2,0,2,,,35500,,
409,19980624,1998,5,180,168,77,"Stade Jacques Chaban-Delmas, Bordeaux",2,2,4,,,31800,,
410,19980624,1998,5,77,59,77,"Matmut Stadium de Gerland, Lyon",2,1,3,,,39100,,
411,19980624,1998,5,184,32,77,"Stade Bollaert-Delelis, Lens",6,1,7,,,41275,,
412,19980624,1998,5,146,155,77,"Stadium Municipal, Toulouse",1,3,4,,,33400,,
413,19980623,1998,5,102,13,77,"Stade de France, Paris",2,1,3,,,80000,,
414,19980623,1998,5,42,36,77,"Stade de la Beaujoire - Louis Fonteneau, Nantes",1,1,2,,,39500,,
415,19980623,1998,5,29,149,77,"Orange Vélodrome, Marseille",1,2,3,,,57000,,
416,19980623,1998,5,169,136,77,"Stade Geoffroy-Guichard, Saint-Étienne",0,3,3,,,36000,,
417,19980622,1998,5,45,204,77,"Stade de la Mosson, Montpellier",1,0,1,,,35500,,
418,19980622,1998,5,163,67,77,"Stadium Municipal, Toulouse",2,1,3,,,33140,,
419,19980621,1998,5,80,73,77,"Stade Bollaert-Delelis, Lens",2,2,4,,,41275,,
420,19980621,1998,5,9,103,77,"Parc des Princes, Paris",5,0,5,,,45500,,
421,19980621,1998,5,212,96,77,"Matmut Stadium de Gerland, Lyon",1,2,3,,,43300,,
422,19980620,1998,5,104,51,77,"Stade de la Beaujoire - Louis Fonteneau, Nantes",0,1,1,,,35500,,
423,19980620,1998,5,20,131,77,"Stade Jacques Chaban-Delmas, Bordeaux",2,2,4,,,31800,,
424,19980620,1998,5,141,109,77,"Orange Vélodrome, Marseille",5,0,5,,,55000,,
425,19980619,1998,5,146,32,77,"Parc des Princes, Paris",1,0,1,,,48000,,
426,19980619,1998,5,184,155,77,"Stade Geoffroy-Guichard, Saint-Étienne",0,0,0,,,36000,,
427,19980618,1998,5,180,59,77,"Stadium Municipal, Toulouse",1,1,2,,,33500,,
428,19980618,1998,5,77,168,77,"Stade de France, Paris",4,0,4,,,80000,,
429,19980617,1998,5,42,13,77,"Stade Geoffroy-Guichard, Saint-Étienne",1,1,2,,,36000,,
430,19980617,1998,5,102,36,77,"Stade de la Mosson, Montpellier",3,0,3,,,35500,,
431,19980616,1998,5,169,149,77,"Stade Jacques Chaban-Delmas, Bordeaux",1,1,2,,,31800,,
432,19980616,1998,5,29,136,77,"Stade de la Beaujoire - Louis Fonteneau, Nantes",3,0,3,,,38500,,
433,19980615,1998,5,67,204,77,"Orange Vélodrome, Marseille",2,0,2,,,54587,,
434,19980615,1998,5,163,45,77,"Matmut Stadium de Gerland, Lyon",1,0,1,,,43300,,
435,19980615,1998,5,80,212,77,"Parc des Princes, Paris",2,0,2,,,49000,,
436,19980614,1998,5,9,104,77,"Stadium Municipal, Toulouse",1,0,1,,,33500,,
437,19980614,1998,5,73,96,77,"Stade Geoffroy-Guichard, Saint-Étienne",1,0,1,,,36000,,
438,19980614,1998,5,103,51,77,"Stade Bollaert-Delelis, Lens",1,3,4,,,38100,,
439,19980613,1998,5,184,146,77,"Stade de la Beaujoire - Louis Fonteneau, Nantes",2,3,5,,,38000,,
440,19980613,1998,5,109,131,77,"Matmut Stadium de Gerland, Lyon",1,3,4,,,39100,,
441,19980613,1998,5,141,20,77,"Stade de France, Paris",0,0,0,,,77000,,
442,19980612,1998,5,155,32,77,"Stade de la Mosson, Montpellier",0,0,0,,,27650,,
443,19980612,1998,5,168,59,77,"Stade Bollaert-Delelis, Lens",0,1,1,,,38100,,
444,19980612,1998,5,77,180,77,"Orange Vélodrome, Marseille",3,0,3,,,55000,,
445,19980611,1998,5,102,42,77,"Stade Jacques Chaban-Delmas, Bordeaux",2,2,4,,,35200,,
446,19980611,1998,5,36,13,77,"Stadium Municipal, Toulouse",1,1,2,,,36500,,
447,19980610,1998,5,29,169,77,"Stade de France, Paris",2,1,3,,,80000,,
448,19980610,1998,5,136,149,77,"Stade de la Mosson, Montpellier",2,2,4,,,29750,,
449,19940717,1994,1,29,102,212,"Rose Bowl, Los Angeles",0,0,0,,,94194,3.0,2.0
450,19940716,1994,12,191,32,212,"Rose Bowl, Los Angeles",4,0,4,,,91500,,
451,19940713,1994,11,32,102,212,"Giants Stadium, New York/New Jersey",1,2,3,,,74110,,
452,19940713,1994,11,191,29,212,"Rose Bowl, Los Angeles",0,1,1,,,91856,,
453,19940710,1994,7,32,80,212,"Giants Stadium, New York/New Jersey",2,1,3,,,72000,,
454,19940710,1994,7,163,191,212,"Stanford Stadium, San Francisco",2,2,4,,,83500,4.0,5.0
455,19940709,1994,7,102,184,212,"Foxboro Stadium, Boston",2,1,3,,,53400,,
456,19940709,1994,7,141,29,212,"Cotton Bowl, Dallas",2,3,5,,,63500,,
457,19940705,1994,8,146,102,212,"Foxboro Stadium, Boston",1,2,3,,,54367,,
458,19940705,1994,8,131,32,212,"Giants Stadium, New York/New Jersey",1,1,2,,,71030,1.0,3.0
459,19940704,1994,8,141,162,212,"Citrus Bowl, Orlando",2,0,2,,,61355,,
460,19940704,1994,8,29,212,212,"Stanford Stadium, San Francisco",1,0,1,,,84147,,
461,19940703,1994,8,168,191,212,"Cotton Bowl, Dallas",1,3,4,,,60277,,
462,19940703,1994,8,163,9,212,"Rose Bowl, Los Angeles",3,2,5,,,90469,,
463,19940702,1994,8,80,20,212,"Soldier Field, Chicago",3,2,5,,,60246,,
464,19940702,1994,8,184,192,212,"RFK Stadium, Washington Dc",3,0,3,,,53121,,
465,19940630,1994,5,84,146,212,"Foxboro Stadium, Boston",0,2,2,,,53001,,
466,19940630,1994,5,9,32,212,"Cotton Bowl, Dallas",0,2,2,,,63998,,
467,19940629,1994,5,136,141,212,"Citrus Bowl, Orlando",1,2,3,,,60578,,
468,19940629,1994,5,20,168,212,"RFK Stadium, Washington Dc",0,1,1,,,52959,,
469,19940628,1994,5,102,131,212,"RFK Stadium, Washington Dc",1,1,2,,,52535,,
470,19940628,1994,5,162,149,212,"Giants Stadium, New York/New Jersey",0,0,0,,,72404,,
471,19940628,1994,5,164,36,212,"Stanford Stadium, San Francisco",6,1,7,,,74914,,
472,19940628,1994,5,29,191,212,"Pontiac Silverdome, Detroit",1,1,2,,,77217,,
473,19940627,1994,5,80,109,212,"Cotton Bowl, Dallas",3,2,5,,,63998,,
474,19940627,1994,5,25,184,212,"Soldier Field, Chicago",1,3,4,,,63089,,
475,19940626,1994,5,32,84,212,"Soldier Field, Chicago",4,0,4,,,63160,,
476,19940626,1994,5,212,163,212,"Rose Bowl, Los Angeles",0,1,1,,,93869,,
477,19940626,1994,5,192,45,212,"Stanford Stadium, San Francisco",0,2,2,,,83401,,
478,19940625,1994,5,20,141,212,"Citrus Bowl, Orlando",1,0,1,,,62387,,
479,19940625,1994,5,168,136,212,"Giants Stadium, New York/New Jersey",2,1,3,,,76322,,
480,19940625,1994,5,9,146,212,"Foxboro Stadium, Boston",2,1,3,,,54453,,
481,19940624,1994,5,131,162,212,"Citrus Bowl, Orlando",2,1,3,,,60790,,
482,19940624,1994,5,29,36,212,"Stanford Stadium, San Francisco",3,0,3,,,83401,,
483,19940624,1994,5,191,164,212,"Pontiac Silverdome, Detroit",3,1,4,,,71528,,
484,19940623,1994,5,102,149,212,"Giants Stadium, New York/New Jersey",1,0,1,,,74624,,
485,19940623,1994,5,109,25,212,"Foxboro Stadium, Boston",0,0,0,,,54453,,
486,19940622,1994,5,163,192,212,"Pontiac Silverdome, Detroit",1,4,5,,,61428,,
487,19940622,1994,5,212,45,212,"Rose Bowl, Los Angeles",2,1,3,,,93869,,
488,19940621,1994,5,9,84,212,"Foxboro Stadium, Boston",4,0,4,,,54456,,
489,19940621,1994,5,80,184,212,"Soldier Field, Chicago",1,1,2,,,63113,,
490,19940621,1994,5,146,32,212,"Cotton Bowl, Dallas",3,0,3,,,44132,,
491,19940620,1994,5,29,164,212,"Stanford Stadium, San Francisco",2,0,2,,,81061,,
492,19940620,1994,5,141,168,212,"RFK Stadium, Washington Dc",2,1,3,,,50535,,
493,19940619,1994,5,20,136,212,"Citrus Bowl, Orlando",1,0,1,,,61219,,
494,19940619,1994,5,149,131,212,"RFK Stadium, Washington Dc",1,0,1,,,52395,,
495,19940619,1994,5,36,191,212,"Rose Bowl, Los Angeles",2,2,4,,,93194,,
496,19940618,1994,5,212,192,212,"Pontiac Silverdome, Detroit",1,1,2,,,73425,,
497,19940618,1994,5,102,162,212,"Giants Stadium, New York/New Jersey",0,1,1,,,75338,,
498,19940618,1994,5,45,163,212,"Rose Bowl, Los Angeles",1,3,4,,,91856,,
499,19940617,1994,5,80,25,212,"Soldier Field, Chicago",1,0,1,,,63117,,
500,19940617,1994,5,184,109,212,"Cotton Bowl, Dallas",2,2,4,,,56247,,
501,19900708,1990,1,219,9,102,"Stadio Olimpico, Rome",1,0,1,,,73603,,
502,19900707,1990,12,102,67,102,"Stadio San Nicola, Bari",2,1,3,,,51426,,
503,19900704,1990,11,219,67,102,"Stadio delle Alpi, Turin",1,1,2,,,62628,4.0,3.0
504,19900703,1990,11,102,9,102,"San Paolo, Naples",1,1,2,,,59978,3.0,4.0
505,19900701,1990,7,219,57,102,"Giuseppe Meazza, Milan",1,0,1,,,73347,,
506,19900701,1990,7,67,36,102,"San Paolo, Naples",3,2,5,,,55205,,
507,19900630,1990,7,221,9,102,"Comunale, Florence",0,0,0,,,38971,2.0,3.0
508,19900630,1990,7,102,162,102,"Stadio Olimpico, Rome",1,0,1,,,73303,,
509,19900626,1990,8,184,221,102,"Marc Antonio Bentegodi, Verona",1,2,3,,,35500,,
510,19900626,1990,8,67,20,102,"Renato Dall Ara, Bologna",1,0,1,,,34520,,
511,19900625,1990,8,162,163,102,"Luigi Ferraris, Genoa",0,0,0,,,31818,5.0,4.0
512,19900625,1990,8,102,213,102,"Stadio Olimpico, Rome",2,0,2,,,73303,,
513,19900624,1990,8,29,9,102,"Stadio delle Alpi, Turin",0,1,1,,,61381,,
514,19900624,1990,8,219,141,102,"Giuseppe Meazza, Milan",2,1,3,,,74559,,
515,19900623,1990,8,36,45,102,"San Paolo, Naples",2,1,3,,,50026,,
516,19900623,1990,8,57,50,102,"Stadio San Nicola, Bari",4,1,5,,,47673,,
517,19900621,1990,5,20,184,102,"Marc Antonio Bentegodi, Verona",1,2,3,,,35950,,
518,19900621,1990,5,109,213,102,"Friuli, Udine",0,1,1,,,29039,,
519,19900621,1990,5,162,141,102,"Della Favorita, Palermo",1,1,2,,,33288,,
520,19900621,1990,5,67,65,102,"Sant Elia, Cagliari",1,0,1,,,34959,,
521,19900620,1990,5,191,50,102,"Luigi Ferraris, Genoa",1,2,3,,,30223,,
522,19900620,1990,5,29,169,102,"Stadio delle Alpi, Turin",1,0,1,,,62502,,
523,19900619,1990,5,219,45,102,"Giuseppe Meazza, Milan",1,1,2,,,72510,,
524,19900619,1990,5,221,211,102,"Renato Dall Ara, Bologna",4,1,5,,,27833,,
525,19900619,1990,5,13,212,102,"Comunale, Florence",2,1,3,,,34857,,
526,19900619,1990,5,102,57,102,"Stadio Olimpico, Rome",2,0,2,,,73303,,
527,19900618,1990,5,9,163,102,"San Paolo, Naples",1,1,2,,,52733,,
528,19900618,1990,5,36,183,102,"Stadio San Nicola, Bari",0,4,4,,,37307,,
529,19900617,1990,5,162,65,102,"Della Favorita, Palermo",0,0,0,,,33288,,
530,19900617,1990,5,20,213,102,"Marc Antonio Bentegodi, Verona",3,1,4,,,33759,,
531,19900617,1990,5,109,184,102,"Dacia Arena, Udine",1,3,4,,,32733,,
532,19900616,1990,5,29,50,102,"Stadio delle Alpi, Turin",1,0,1,,,58007,,
533,19900616,1990,5,67,141,102,"Sant Elia, Cagliari",0,0,0,,,35267,,
534,19900616,1990,5,191,169,102,"Luigi Ferraris, Genoa",1,2,3,,,31823,,
535,19900615,1990,5,13,57,102,"Comunale, Florence",0,1,1,,,38962,,
536,19900615,1990,5,219,211,102,"Giuseppe Meazza, Milan",5,1,6,,,71169,,
537,19900614,1990,5,221,45,102,"Renato Dall Ara, Bologna",1,0,1,,,32257,,
538,19900614,1990,5,36,163,102,"Stadio San Nicola, Bari",2,1,3,,,38687,,
539,19900614,1990,5,102,212,102,"Stadio Olimpico, Rome",1,0,1,,,73423,,
540,19900613,1990,5,213,184,102,"Dacia Arena, Udine",0,0,0,,,35713,,
541,19900613,1990,5,9,183,102,"San Paolo, Naples",2,0,2,,,55759,,
542,19900612,1990,5,20,109,102,"Marc Antonio Bentegodi, Verona",2,0,2,,,32790,,
543,19900612,1990,5,141,65,102,"Della Favorita, Palermo",1,1,2,,,33288,,
544,19900611,1990,5,50,169,102,"Luigi Ferraris, Genoa",1,0,1,,,30867,,
545,19900611,1990,5,67,162,102,"Sant Elia, Cagliari",1,1,2,,,35238,,
546,19900610,1990,5,212,57,102,"Comunale, Florence",1,5,6,,,33266,,
547,19900610,1990,5,219,221,102,"Giuseppe Meazza, Milan",4,1,5,,,74765,,
548,19900610,1990,5,29,191,102,"Stadio delle Alpi, Turin",2,1,3,,,62628,,
549,19900609,1990,5,211,45,102,"Renato Dall Ara, Bologna",0,2,2,,,30791,,
550,19900609,1990,5,183,163,102,"Stadio San Nicola, Bari",0,2,2,,,42907,,
551,19900609,1990,5,102,13,102,"Stadio Olimpico, Rome",1,0,1,,,73303,,
552,19900608,1990,5,9,36,102,"Giuseppe Meazza, Milan",0,1,1,,,73780,,
553,19860629,1986,1,9,219,131,"Estadio Azteca, Mexico City",3,2,5,,,114600,,
554,19860628,1986,12,77,20,131,"Cuauhtemoc, Puebla",4,2,6,,,21000,,
555,19860625,1986,11,77,219,131,"Jalisco, Guadalajara",0,2,2,,,45000,,
556,19860625,1986,11,9,20,131,"Estadio Azteca, Mexico City",2,0,2,,,114500,,
557,19860622,1986,7,9,67,131,"Estadio Azteca, Mexico City",2,1,3,,,114580,,
558,19860622,1986,7,184,20,131,"Cuauhtemoc, Puebla",1,1,2,,,45000,4.0,5.0
559,19860621,1986,7,29,77,131,"Jalisco, Guadalajara",1,1,2,,,65000,3.0,4.0
560,19860621,1986,7,219,131,131,"Estadio Universitario, Monterrey",0,0,0,,,41700,4.0,1.0
561,19860618,1986,8,67,155,131,"Estadio Azteca, Mexico City",3,0,3,,,98728,,
562,19860618,1986,8,59,184,131,"Estadio Corregidora, Queretaro",1,5,6,,,38500,,
563,19860617,1986,8,102,77,131,"Estadio Olï¿½mpico Universitario, Mexico City",0,2,2,,,70000,,
564,19860617,1986,8,136,219,131,"Estadio Universitario, Monterrey",0,1,1,,,19800,,
565,19860616,1986,8,29,158,131,"Jalisco, Guadalajara",4,0,4,,,45000,,
566,19860616,1986,8,9,213,131,"Cuauhtemoc, Puebla",1,0,1,,,26000,,
567,19860615,1986,8,131,32,131,"Estadio Azteca, Mexico City",2,0,2,,,114580,,
568,19860615,1986,8,183,20,131,"Nou Camp - Estadio Leï¿½n, Leon",3,4,7,,,32277,,
569,19860613,1986,5,169,213,131,"Neza, Nezahualcoyotl",0,0,0,,,20000,,
570,19860613,1986,5,59,219,131,"Estadio Corregidora, Queretaro",2,0,2,,,36000,,
571,19860612,1986,5,3,184,131,"Tecnologico, Monterrey",0,3,3,,,23980,,
572,19860612,1986,5,148,29,131,"Jalisco, Guadalajara",0,3,3,,,51000,,
573,19860611,1986,5,155,20,131,"Bombonera - Estadio Nemesio Diez, Toluca",2,2,4,,,16000,,
574,19860611,1986,5,100,131,131,"Estadio Azteca, Mexico City",0,1,1,,,103763,,
575,19860611,1986,5,67,158,131,"Tecnologico, Monterrey",3,0,3,,,22700,,
576,19860611,1986,5,159,136,131,"Tres de Marzo, Guadalajara",1,3,4,,,28000,,
577,19860610,1986,5,9,32,131,"Estadio Olï¿½mpico Universitario, Mexico City",2,0,2,,,65000,,
578,19860610,1986,5,109,102,131,"Cuauhtemoc, Puebla",2,3,5,,,20000,,
579,19860609,1986,5,183,37,131,"Estadio Irapuato, Irapuato",2,0,2,,,14200,,
580,19860609,1986,5,95,77,131,"Nou Camp - Estadio Leï¿½n, Leon",0,3,3,,,31420,,
581,19860608,1986,5,219,169,131,"Estadio Corregidora, Queretaro",2,1,3,,,30000,,
582,19860608,1986,5,100,20,131,"Bombonera - Estadio Nemesio Diez, Toluca",1,2,3,,,20000,,
583,19860608,1986,5,59,213,131,"Neza, Nezahualcoyotl",6,1,7,,,26500,,
584,19860607,1986,5,131,155,131,"Estadio Azteca, Mexico City",1,1,2,,,114600,,
585,19860607,1986,5,148,184,131,"Tres de Marzo, Guadalajara",1,2,3,,,28000,,
586,19860607,1986,5,158,159,131,"Estadio Universitario, Monterrey",1,0,1,,,19915,,
587,19860606,1986,5,29,3,131,"Jalisco, Guadalajara",1,0,1,,,48000,,
588,19860606,1986,5,95,37,131,"Estadio Irapuato, Irapuato",2,0,2,,,13800,,
589,19860606,1986,5,67,136,131,"Tecnologico, Monterrey",0,0,0,,,20200,,
590,19860605,1986,5,102,9,131,"Cuauhtemoc, Puebla",1,1,2,,,32000,,
591,19860605,1986,5,77,183,131,"Nou Camp - Estadio Leï¿½n, Leon",1,1,2,,,36540,,
592,19860605,1986,5,109,32,131,"Estadio Olï¿½mpico Universitario, Mexico City",1,1,2,,,45000,,
593,19860604,1986,5,155,100,131,"Bombonera - Estadio Nemesio Diez, Toluca",1,0,1,,,24000,,
594,19860604,1986,5,213,219,131,"Estadio Corregidora, Queretaro",1,1,2,,,30500,,
595,19860604,1986,5,169,59,131,"Neza, Nezahualcoyotl",0,1,1,,,18000,,
596,19860603,1986,5,20,131,131,"Estadio Azteca, Mexico City",1,2,3,,,110000,,
597,19860603,1986,5,3,148,131,"Tres de Marzo, Guadalajara",1,1,2,,,22000,,
598,19860603,1986,5,159,67,131,"Tecnologico, Monterrey",1,0,1,,,23000,,
599,19860602,1986,5,183,95,131,"Estadio Irapuato, Irapuato",6,0,6,,,16500,,
600,19860602,1986,5,9,109,131,"Estadio Olï¿½mpico Universitario, Mexico City",3,1,4,,,60000,,
601,19860602,1986,5,136,158,131,"Estadio Universitario, Monterrey",0,0,0,,,19900,,
602,19860601,1986,5,184,29,131,"Jalisco, Guadalajara",0,1,1,,,35748,,
603,19860601,1986,5,37,77,131,"Nou Camp - Estadio Leï¿½n, Leon",0,1,1,,,65500,,
604,19860531,1986,5,32,102,131,"Estadio Azteca, Mexico City",1,1,2,,,96000,,
605,19820711,1982,1,102,219,184,"Santiago Bernabeu, Madrid",3,1,4,,,90000,,
606,19820710,1982,12,158,77,184,"Jose Rico Perez, Alicante",3,2,5,,,28000,,
607,19820708,1982,11,158,102,184,"Camp Nou, Barcelona",0,2,2,,,50000,,
608,19820708,1982,11,219,77,184,"Ramon Sanchez Pizjuan, Seville",3,3,6,,,70000,5.0,4.0
609,19820705,1982,9,102,29,184,"Sarria, Barcelona",3,2,5,,,44000,,
610,19820705,1982,9,184,67,184,"Santiago Bernabeu, Madrid",0,0,0,,,75000,,
611,19820704,1982,9,77,148,184,"Vicente Calderon, Madrid",4,1,5,,,37000,,
612,19820704,1982,9,158,183,184,"Camp Nou, Barcelona",0,0,0,,,65000,,
613,19820702,1982,9,9,29,184,"Sarria, Barcelona",1,3,4,,,44000,,
614,19820702,1982,9,219,184,184,"Santiago Bernabeu, Madrid",2,1,3,,,90089,,
615,19820701,1982,9,13,148,184,"Vicente Calderon, Madrid",2,2,4,,,20000,,
616,19820701,1982,9,20,183,184,"Camp Nou, Barcelona",0,1,1,,,45000,,
617,19820629,1982,9,102,9,184,"Sarria, Barcelona",2,1,3,,,43000,,
618,19820629,1982,9,219,67,184,"Santiago Bernabeu, Madrid",0,0,0,,,75000,,
619,19820628,1982,9,13,77,184,"Vicente Calderon, Madrid",0,1,1,,,37000,,
620,19820628,1982,9,158,20,184,"Camp Nou, Barcelona",3,0,3,,,65000,,
621,19820625,1982,3,67,111,184,"San Mames, Bilbao",1,0,1,,,39700,,
622,19820625,1982,3,219,13,184,"El Molinon, Gijon",1,0,1,,,41000,,
623,19820625,1982,3,148,184,184,"Luis Casanova, Valencia",1,0,1,,,49562,,
624,19820624,1982,3,77,57,184,"Jose Zorrilla, Valladolid",1,1,2,,,28000,,
625,19820624,1982,3,3,42,184,"Carlos Tartiere, Oviedo",3,2,5,,,16000,,
626,19820624,1982,3,92,221,184,"La Romareda, Zaragoza",0,1,1,,,25000,,
627,19820623,1982,3,102,36,184,"Estadio Municipal de Balaï¿½dos, Vigo",1,1,2,,,20000,,
628,19820623,1982,3,9,66,184,"Jose Rico Perez, Alicante",2,0,2,,,32500,,
629,19820623,1982,3,29,143,184,"Benito Villamarin, Seville",4,0,4,,,43000,,
630,19820622,1982,3,158,156,184,"Riazor, La Coruï¿½A",5,1,6,,,25000,,
631,19820622,1982,3,20,95,184,"Nuevo Estadio, Elche",1,1,2,,,37000,,
632,19820622,1982,3,183,169,184,"La Rosaleda, Malaga",2,2,4,,,45000,,
633,19820621,1982,3,3,13,184,"Carlos Tartiere, Oviedo",0,2,2,,,22000,,
634,19820621,1982,3,77,111,184,"Jose Zorrilla, Valladolid",4,1,5,,,30043,,
635,19820621,1982,3,92,148,184,"La Romareda, Zaragoza",1,1,2,,,15000,,
636,19820620,1982,3,219,42,184,"El Molinon, Gijon",4,1,5,,,42000,,
637,19820620,1982,3,67,57,184,"San Mames, Bilbao",2,0,2,,,41123,,
638,19820620,1982,3,184,221,184,"Luis Casanova, Valencia",2,1,3,,,48000,,
639,19820619,1982,3,158,36,184,"Riazor, La Coruï¿½A",0,0,0,,,19000,,
640,19820619,1982,3,183,143,184,"La Rosaleda, Malaga",3,0,3,,,19000,,
641,19820619,1982,3,20,66,184,"Nuevo Estadio, Elche",1,0,1,,,15000,,
642,19820618,1982,3,102,156,184,"Estadio Municipal de Balaï¿½dos, Vigo",1,1,2,,,25000,,
643,19820618,1982,3,29,169,184,"Benito Villamarin, Seville",4,1,5,,,47379,,
644,19820618,1982,3,9,95,184,"Jose Rico Perez, Alicante",4,1,5,,,32093,,
645,19820617,1982,3,42,13,184,"Carlos Tartiere, Oviedo",0,1,1,,,22500,,
646,19820617,1982,3,57,111,184,"Jose Zorrilla, Valladolid",1,1,2,,,25000,,
647,19820617,1982,3,221,148,184,"La Romareda, Zaragoza",0,0,0,,,25000,,
648,19820616,1982,3,67,77,184,"San Mames, Bilbao",3,1,4,,,44172,,
649,19820616,1982,3,219,3,184,"El Molinon, Gijon",1,2,3,,,42000,,
650,19820616,1982,3,184,92,184,"Luis Casanova, Valencia",1,1,2,,,49562,,
651,19820615,1982,3,156,36,184,"Riazor, La Coruï¿½A",0,0,0,,,11000,,
652,19820615,1982,3,95,66,184,"Nuevo Estadio, Elche",10,1,11,,,23000,,
653,19820615,1982,3,169,143,184,"La Rosaleda, Malaga",5,2,7,,,36000,,
654,19820614,1982,3,102,158,184,"Estadio Municipal de Balaï¿½dos, Vigo",0,0,0,,,33000,,
655,19820614,1982,3,29,183,184,"Ramon Sanchez Pizjuan, Seville",2,1,3,,,68000,,
656,19820613,1982,3,9,20,184,"Camp Nou, Barcelona",0,1,1,,,95000,,
657,19780625,1978,1,9,141,9,"El Monumental - Estadio Monumental Antonio Vespuci, Buenos Aires",3,1,4,,,71483,,
658,19780624,1978,12,29,102,9,"El Monumental - Estadio Monumental Antonio Vespuci, Buenos Aires",2,1,3,,,69659,,
659,19780621,1978,10,141,102,9,"El Monumental - Estadio Monumental Antonio Vespuci, Buenos Aires",2,1,3,,,67433,,
660,19780621,1978,10,13,219,9,"Estadio Olï¿½mpico Chateau Carreras, Cordoba",3,2,5,,,38318,,
661,19780621,1978,10,29,158,9,"San Martin, Mendoza",3,1,4,,,39586,,
662,19780621,1978,10,9,156,9,"Arroyito - Estadio Dr. Lisandro de la Torre, Rosario",6,0,6,,,37315,,
663,19780618,1978,10,158,156,9,"San Martin, Mendoza",1,0,1,,,35288,,
664,19780618,1978,10,219,141,9,"Estadio Olï¿½mpico Chateau Carreras, Cordoba",2,2,4,,,40750,,
665,19780618,1978,10,102,13,9,"El Monumental - Estadio Monumental Antonio Vespuci, Buenos Aires",1,0,1,,,66695,,
666,19780618,1978,10,9,29,9,"Arroyito - Estadio Dr. Lisandro de la Torre, Rosario",0,0,0,,,37326,,
667,19780614,1978,10,141,13,9,"Estadio Olï¿½mpico Chateau Carreras, Cordoba",5,1,6,,,25050,,
668,19780614,1978,10,219,102,9,"El Monumental - Estadio Monumental Antonio Vespuci, Buenos Aires",0,0,0,,,67547,,
669,19780614,1978,10,29,156,9,"San Martin, Mendoza",3,0,3,,,31278,,
670,19780614,1978,10,9,158,9,"Arroyito - Estadio Dr. Lisandro de la Torre, Rosario",2,0,2,,,37091,,
671,19780611,1978,4,29,13,9,"Estadio Josï¿½ Marï¿½a Minella, Mar Del Plata",1,0,1,,,35221,,
672,19780611,1978,4,184,191,9,"Jose Amalfitani, Buenos Aires",1,0,1,,,42132,,
673,19780611,1978,4,156,96,9,"Estadio Olï¿½mpico Chateau Carreras, Cordoba",4,1,5,,,21262,,
674,19780611,1978,4,169,141,9,"San Martin, Mendoza",3,2,5,,,35130,,
675,19780610,1978,4,77,95,9,"Estadio Josï¿½ Marï¿½a Minella, Mar Del Plata",3,1,4,,,23127,,
676,19780610,1978,4,158,131,9,"Arroyito - Estadio Dr. Lisandro de la Torre, Rosario",3,1,4,,,22651,,
677,19780610,1978,4,219,204,9,"Estadio Olï¿½mpico Chateau Carreras, Cordoba",0,0,0,,,30667,,
678,19780610,1978,4,102,9,9,"El Monumental - Estadio Monumental Antonio Vespuci, Buenos Aires",1,0,1,,,71712,,
679,19780607,1978,4,13,191,9,"Jose Amalfitani, Buenos Aires",1,0,1,,,41424,,
680,19780607,1978,4,29,184,9,"Estadio Josï¿½ Marï¿½a Minella, Mar Del Plata",0,0,0,,,34771,,
681,19780607,1978,4,141,156,9,"San Martin, Mendoza",0,0,0,,,28125,,
682,19780607,1978,4,169,96,9,"Estadio Olï¿½mpico Chateau Carreras, Cordoba",1,1,2,,,7938,,
683,19780606,1978,4,102,95,9,"Estadio Josï¿½ Marï¿½a Minella, Mar Del Plata",3,1,4,,,26533,,
684,19780606,1978,4,219,131,9,"Estadio Olï¿½mpico Chateau Carreras, Cordoba",6,0,6,,,35258,,
685,19780606,1978,4,158,204,9,"Arroyito - Estadio Dr. Lisandro de la Torre, Rosario",1,0,1,,,9624,,
686,19780606,1978,4,9,77,9,"El Monumental - Estadio Monumental Antonio Vespuci, Buenos Aires",2,1,3,,,71666,,
687,19780603,1978,4,191,29,9,"Estadio Josï¿½ Marï¿½a Minella, Mar Del Plata",1,1,2,,,32569,,
688,19780603,1978,4,13,184,9,"Jose Amalfitani, Buenos Aires",2,1,3,,,40841,,
689,19780603,1978,4,156,169,9,"Estadio Olï¿½mpico Chateau Carreras, Cordoba",3,1,4,,,37927,,
690,19780603,1978,4,141,96,9,"San Martin, Mendoza",3,0,3,,,33431,,
691,19780602,1978,4,102,77,9,"Estadio Josï¿½ Marï¿½a Minella, Mar Del Plata",2,1,3,,,42373,,
692,19780602,1978,4,204,131,9,"Arroyito - Estadio Dr. Lisandro de la Torre, Rosario",3,1,4,,,17396,,
693,19780602,1978,4,9,95,9,"El Monumental - Estadio Monumental Antonio Vespuci, Buenos Aires",2,1,3,,,71615,,
694,19780601,1978,4,219,158,9,"El Monumental - Estadio Monumental Antonio Vespuci, Buenos Aires",0,0,0,,,67579,,
695,19740707,1974,1,141,219,80,"Olympiastadion, Munich",1,2,3,,,78200,,
696,19740706,1974,12,29,158,80,"Olympiastadion, Munich",0,1,1,,,77100,,
697,19740703,1974,10,158,219,80,"Waldstadion, Frankfurt/Main",0,1,1,,,62000,,
698,19740703,1974,10,141,29,80,"Westfalenstadion, Dortmund",2,0,2,,,53700,,
699,19740703,1974,10,9,81,80,"Parkstadion, Gelsenkirchen",1,1,2,,,54254,,
700,19740703,1974,10,191,221,80,"Rheinstadion, Dï¿½Sseldorf",2,1,3,,,41300,,
701,19740630,1974,10,158,221,80,"Waldstadion, Frankfurt/Main",2,1,3,,,58000,,
702,19740630,1974,10,9,29,80,"Niedersachsenstadion, Hanover",1,2,3,,,39400,,
703,19740630,1974,10,81,141,80,"Parkstadion, Gelsenkirchen",0,2,2,,,68348,,
704,19740630,1974,10,219,191,80,"Rheinstadion, Dï¿½Sseldorf",4,2,6,,,67800,,
705,19740626,1974,10,221,219,80,"Rheinstadion, Dï¿½Sseldorf",0,2,2,,,67385,,
706,19740626,1974,10,29,81,80,"Niedersachsenstadion, Hanover",1,0,1,,,59863,,
707,19740626,1974,10,191,158,80,"Neckarstadion, Stuttgart",0,1,1,,,44955,,
708,19740626,1974,10,141,9,80,"Parkstadion, Gelsenkirchen",4,0,4,,,56548,,
709,19740623,1974,4,32,141,80,"Westfalenstadion, Dortmund",1,4,5,,,53300,,
710,19740623,1974,4,158,102,80,"Neckarstadion, Stuttgart",2,1,3,,,70100,,
711,19740623,1974,4,191,213,80,"Rheinstadion, Dï¿½Sseldorf",3,0,3,,,28300,,
712,19740623,1974,4,9,91,80,"Olympiastadion, Munich",4,1,5,,,25900,,
713,19740622,1974,4,169,221,80,"Waldstadion, Frankfurt/Main",1,1,2,,,56000,,
714,19740622,1974,4,12,42,80,"Olympiastadion, Berlin West",0,0,0,,,17400,,
715,19740622,1974,4,222,29,80,"Parkstadion, Gelsenkirchen",0,3,3,,,36200,,
716,19740622,1974,4,81,219,80,"Volksparkstadion, Hamburg",1,0,1,,,60200,,
717,19740619,1974,4,91,158,80,"Olympiastadion, Munich",0,7,7,,,25300,,
718,19740619,1974,4,32,213,80,"Niedersachsenstadion, Hanover",1,1,2,,,13400,,
719,19740619,1974,4,141,191,80,"Westfalenstadion, Dortmund",0,0,0,,,53700,,
720,19740619,1974,4,9,102,80,"Neckarstadion, Stuttgart",1,1,2,,,70100,,
721,19740618,1974,4,12,219,80,"Volksparkstadion, Hamburg",0,3,3,,,53300,,
722,19740618,1974,4,221,222,80,"Parkstadion, Gelsenkirchen",9,0,9,,,31700,,
723,19740618,1974,4,42,81,80,"Olympiastadion, Berlin West",1,1,2,,,28300,,
724,19740618,1974,4,169,29,80,"Waldstadion, Frankfurt/Main",0,0,0,,,62000,,
725,19740615,1974,4,213,141,80,"Niedersachsenstadion, Hanover",0,2,2,,,55100,,
726,19740615,1974,4,191,32,80,"Rheinstadion, Dï¿½Sseldorf",0,0,0,,,23800,,
727,19740615,1974,4,102,91,80,"Olympiastadion, Munich",3,1,4,,,53000,,
728,19740615,1974,4,158,9,80,"Neckarstadion, Stuttgart",3,2,5,,,32700,,
729,19740614,1974,4,219,42,80,"Olympiastadion, Berlin West",1,0,1,,,81100,,
730,19740614,1974,4,81,12,80,"Volksparkstadion, Hamburg",2,0,2,,,17000,,
731,19740614,1974,4,222,169,80,"Westfalenstadion, Dortmund",0,2,2,,,27000,,
732,19740613,1974,4,29,221,80,"Waldstadion, Frankfurt/Main",0,0,0,,,62000,,
733,19700621,1970,1,29,102,131,"Estadio Azteca, Mexico City",4,1,5,,,107412,,
734,19700620,1970,12,219,213,131,"Estadio Azteca, Mexico City",1,0,1,,,104403,,
735,19700617,1970,11,102,219,131,"Estadio Azteca, Mexico City",4,3,7,,,102444,,
736,19700617,1970,11,29,213,131,"Jalisco, Guadalajara",3,1,4,,,51261,,
737,19700614,1970,7,29,156,131,"Jalisco, Guadalajara",4,2,6,,,54233,,
738,19700614,1970,7,102,131,131,"Luis Dosal, Toluca",4,1,5,,,26851,,
739,19700614,1970,7,213,183,131,"Estadio Azteca, Mexico City",1,0,1,,,26085,,
740,19700614,1970,7,219,67,131,"Nou Camp - Estadio Leï¿½n, Leon",3,2,5,,,23357,,
741,19700611,1970,5,131,20,131,"Estadio Azteca, Mexico City",1,0,1,,,108192,,
742,19700611,1970,5,102,101,131,"Luis Dosal, Toluca",0,0,0,,,9890,,
743,19700611,1970,5,32,136,131,"Nou Camp - Estadio Leï¿½n, Leon",1,1,2,,,12299,,
744,19700611,1970,5,67,57,131,"Jalisco, Guadalajara",1,0,1,,,49292,,
745,19700610,1970,5,219,156,131,"Nou Camp - Estadio Leï¿½n, Leon",3,1,4,,,17875,,
746,19700610,1970,5,29,163,131,"Jalisco, Guadalajara",3,2,5,,,50804,,
747,19700610,1970,5,191,213,131,"Cuauhtemoc, Puebla",1,0,1,,,18163,,
748,19700610,1970,5,183,66,131,"Estadio Azteca, Mexico City",2,0,2,,,89979,,
749,19700607,1970,5,131,66,131,"Estadio Azteca, Mexico City",4,0,4,,,103058,,
750,19700607,1970,5,29,67,131,"Jalisco, Guadalajara",1,0,1,,,66843,,
751,19700607,1970,5,219,32,131,"Nou Camp - Estadio Leï¿½n, Leon",5,2,7,,,12710,,
752,19700607,1970,5,191,101,131,"Luis Dosal, Toluca",1,1,2,,,9624,,
753,19700606,1970,5,163,57,131,"Jalisco, Guadalajara",2,1,3,,,56818,,
754,19700606,1970,5,213,102,131,"Cuauhtemoc, Puebla",0,0,0,,,29968,,
755,19700606,1970,5,183,20,131,"Estadio Azteca, Mexico City",4,1,5,,,95261,,
756,19700606,1970,5,156,136,131,"Nou Camp - Estadio Leï¿½n, Leon",3,0,3,,,13537,,
757,19700603,1970,5,20,66,131,"Estadio Azteca, Mexico City",3,0,3,,,92205,,
758,19700603,1970,5,29,57,131,"Jalisco, Guadalajara",4,1,5,,,52897,,
759,19700603,1970,5,102,191,131,"Luis Dosal, Toluca",1,0,1,,,13433,,
760,19700603,1970,5,219,136,131,"Nou Camp - Estadio Leï¿½n, Leon",2,1,3,,,12942,,
761,19700602,1970,5,67,163,131,"Jalisco, Guadalajara",1,0,1,,,50560,,
762,19700602,1970,5,156,32,131,"Nou Camp - Estadio Leï¿½n, Leon",3,2,5,,,13765,,
763,19700602,1970,5,213,101,131,"Cuauhtemoc, Puebla",2,0,2,,,20654,,
764,19700531,1970,5,131,183,131,"Estadio Azteca, Mexico City",0,0,0,,,107160,,
765,19660730,1966,1,67,219,67,"Wembley Stadium, London",4,2,6,,,96924,,
766,19660728,1966,12,159,183,67,"Wembley Stadium, London",2,1,3,,,87696,,
767,19660726,1966,11,67,159,67,"Wembley Stadium, London",2,1,3,,,94493,,
768,19660725,1966,11,219,183,67,"Goodison Park, Liverpool",2,1,3,,,38273,,
769,19660723,1966,7,159,108,67,"Goodison Park, Liverpool",5,3,8,,,40248,,
770,19660723,1966,7,67,9,67,"Wembley Stadium, London",1,0,1,,,90584,,
771,19660723,1966,7,183,95,67,"Roker Park Ground, Sunderland",2,1,3,,,26844,,
772,19660723,1966,7,219,213,67,"Hillsborough, Sheffield",4,0,4,,,40007,,
773,19660720,1966,5,67,77,67,"Wembley Stadium, London",2,0,2,,,98270,,
774,19660720,1966,5,95,32,67,"Old Trafford Stadium, Manchester",3,1,4,,,24129,,
775,19660720,1966,5,219,184,67,"Villa Park, Birmingham",2,1,3,,,42187,,
776,19660720,1966,5,183,42,67,"Roker Park Ground, Sunderland",2,1,3,,,16027,,
777,19660719,1966,5,213,131,67,"Wembley Stadium, London",0,0,0,,,61112,,
778,19660719,1966,5,9,192,67,"Hillsborough, Sheffield",2,0,2,,,32127,,
779,19660719,1966,5,159,29,67,"Goodison Park, Liverpool",3,1,4,,,58479,,
780,19660719,1966,5,108,102,67,"Ayresome Park, Middlesbrough",1,0,1,,,17829,,
781,19660716,1966,5,219,9,67,"Villa Park, Birmingham",0,0,0,,,46587,,
782,19660716,1966,5,183,102,67,"Roker Park Ground, Sunderland",1,0,1,,,27793,,
783,19660716,1966,5,159,32,67,"Old Trafford Stadium, Manchester",3,0,3,,,25438,,
784,19660716,1966,5,67,131,67,"Wembley Stadium, London",2,0,2,,,92570,,
785,19660715,1966,5,184,192,67,"Hillsborough, Sheffield",2,1,3,,,32028,,
786,19660715,1966,5,213,77,67,"White City, London",2,1,3,,,45662,,
787,19660715,1966,5,95,29,67,"Goodison Park, Liverpool",3,1,4,,,51387,,
788,19660715,1966,5,108,42,67,"Ayresome Park, Middlesbrough",1,1,2,,,13792,,
789,19660713,1966,5,9,184,67,"Villa Park, Birmingham",2,1,3,,,42738,,
790,19660713,1966,5,77,131,67,"Wembley Stadium, London",1,1,2,,,69237,,
791,19660713,1966,5,102,42,67,"Roker Park Ground, Sunderland",2,0,2,,,27199,,
792,19660713,1966,5,159,95,67,"Old Trafford Stadium, Manchester",3,1,4,,,29886,,
793,19660712,1966,5,29,32,67,"Goodison Park, Liverpool",2,0,2,,,47308,,
794,19660712,1966,5,183,108,67,"Ayresome Park, Middlesbrough",3,0,3,,,23006,,
795,19660712,1966,5,219,192,67,"Hillsborough, Sheffield",5,0,5,,,36127,,
796,19660711,1966,5,67,213,67,"Wembley Stadium, London",0,0,0,,,87148,,
797,19620617,1962,1,29,57,42,"Nacional, Santiago De Chile",3,1,4,,,68679,,
798,19620616,1962,12,42,221,42,"Nacional, Santiago De Chile",1,0,1,,,66697,,
799,19620613,1962,11,29,42,42,"Nacional, Santiago De Chile",4,2,6,,,76594,,
800,19620613,1962,11,57,221,42,"Estadio Sausalito, Vina Del Mar",3,1,4,,,5890,,
801,19620610,1962,7,42,183,42,"Carlos Dittborn, Arica",2,1,3,,,17268,,
802,19620610,1962,7,29,67,42,"Estadio Sausalito, Vina Del Mar",3,1,4,,,17736,,
803,19620610,1962,7,57,95,42,"Estadio El Teniente-Codelco, Rancagua",1,0,1,,,11690,,
804,19620610,1962,7,221,219,42,"Nacional, Santiago De Chile",1,0,1,,,63324,,
805,19620607,1962,5,67,32,42,"Estadio El Teniente-Codelco, Rancagua",0,0,0,,,5700,,
806,19620607,1962,5,131,57,42,"Estadio Sausalito, Vina Del Mar",3,1,4,,,10648,,
807,19620607,1962,5,102,192,42,"Nacional, Santiago De Chile",3,0,3,,,59828,,
808,19620607,1962,5,221,45,42,"Carlos Dittborn, Arica",5,0,5,,,7167,,
809,19620606,1962,5,219,42,42,"Nacional, Santiago De Chile",2,0,2,,,67224,,
810,19620606,1962,5,183,213,42,"Carlos Dittborn, Arica",2,1,3,,,9973,,
811,19620606,1962,5,95,9,42,"Estadio El Teniente-Codelco, Rancagua",0,0,0,,,7945,,
812,19620606,1962,5,29,184,42,"Estadio Sausalito, Vina Del Mar",2,1,3,,,18715,,
813,19620603,1962,5,184,131,42,"Estadio Sausalito, Vina Del Mar",1,0,1,,,11875,,
814,19620603,1962,5,183,45,42,"Carlos Dittborn, Arica",4,4,8,,,8040,,
815,19620603,1962,5,95,32,42,"Estadio El Teniente-Codelco, Rancagua",6,1,7,,,7442,,
816,19620603,1962,5,219,192,42,"Nacional, Santiago De Chile",2,1,3,,,64922,,
817,19620602,1962,5,42,102,42,"Nacional, Santiago De Chile",2,0,2,,,66057,,
818,19620602,1962,5,29,57,42,"Estadio Sausalito, Vina Del Mar",0,0,0,,,14903,,
819,19620602,1962,5,67,9,42,"Estadio El Teniente-Codelco, Rancagua",3,1,4,,,9794,,
820,19620602,1962,5,221,213,42,"Carlos Dittborn, Arica",3,1,4,,,8829,,
821,19620531,1962,5,219,102,42,"Nacional, Santiago De Chile",0,0,0,,,65440,,
822,19620531,1962,5,95,67,42,"Estadio El Teniente-Codelco, Rancagua",2,1,3,,,7938,,
823,19620531,1962,5,57,184,42,"Estadio Sausalito, Vina Del Mar",1,0,1,,,12700,,
824,19620531,1962,5,183,221,42,"Carlos Dittborn, Arica",2,0,2,,,9622,,
825,19620530,1962,5,42,192,42,"Nacional, Santiago De Chile",3,1,4,,,65006,,
826,19620530,1962,5,213,45,42,"Carlos Dittborn, Arica",2,1,3,,,7908,,
827,19620530,1962,5,29,131,42,"Estadio Sausalito, Vina Del Mar",2,0,2,,,10484,,
828,19620530,1962,5,9,32,42,"Estadio El Teniente-Codelco, Rancagua",1,0,1,,,7134,,
829,19580629,1958,1,29,191,191,"Rasunda Stadium, Solna",5,2,7,,,49737,,
830,19580628,1958,12,77,219,191,"Nya Ullevi, Gothenburg",6,3,9,,,32483,,
831,19580624,1958,11,191,219,191,"Nya Ullevi, Gothenburg",3,1,4,,,49471,,
832,19580624,1958,11,29,77,191,"Rasunda Stadium, Solna",5,2,7,,,27100,,
833,19580619,1958,7,77,148,191,"Idrottsparken, Norrkï¿½Ping",4,0,4,,,11800,,
834,19580619,1958,7,219,221,191,"Malmo Stadion, Malmï¿½",1,0,1,,,20055,,
835,19580619,1958,7,29,218,191,"Nya Ullevi, Gothenburg",1,0,1,,,25923,,
836,19580619,1958,7,191,183,191,"Rasunda Stadium, Solna",2,0,2,,,31900,,
837,19580617,1958,6,148,57,191,"Malmo Stadion, Malmï¿½",2,1,3,,,6196,,
838,19580617,1958,6,218,95,191,"Rasunda Stadium, Solna",2,1,3,,,2823,,
839,19580617,1958,6,183,67,191,"Nya Ullevi, Gothenburg",1,0,1,,,23182,,
840,19580615,1958,5,191,218,191,"Rasunda Stadium, Solna",0,0,0,,,30287,,
841,19580615,1958,5,155,221,191,"Tunavallen, Eskilstuna",3,3,6,,,13103,,
842,19580615,1958,5,219,148,191,"Malmo Stadion, Malmï¿½",2,2,4,,,21990,,
843,19580615,1958,5,57,9,191,"Olympia Stadium, Helsingborg",6,1,7,,,16418,,
844,19580615,1958,5,67,13,191,"Ryavallen, Boras",2,2,4,,,15872,,
845,19580615,1958,5,29,183,191,"Nya Ullevi, Gothenburg",2,0,2,,,50928,,
846,19580615,1958,5,95,131,191,"Jarnvallen, Sandviken",4,0,4,,,13300,,
847,19580615,1958,5,77,169,191,"Eyravallen, Orebro",2,1,3,,,13554,,
848,19580612,1958,5,191,95,191,"Rasunda Stadium, Solna",2,1,3,,,38850,,
849,19580611,1958,5,183,13,191,"Ryavallen, Boras",2,0,2,,,21239,,
850,19580611,1958,5,219,57,191,"Olympia Stadium, Helsingborg",2,2,4,,,25000,,
851,19580611,1958,5,9,148,191,"Orjans Vall, Halmstad",3,1,4,,,14174,,
852,19580611,1958,5,221,77,191,"Arosvallen, Vasteras",3,2,5,,,12217,,
853,19580611,1958,5,155,169,191,"Idrottsparken, Norrkï¿½Ping",3,2,5,,,11665,,
854,19580611,1958,5,29,67,191,"Nya Ullevi, Gothenburg",0,0,0,,,40895,,
855,19580611,1958,5,131,218,191,"Rasunda Stadium, Solna",1,1,2,,,15150,,
856,19580608,1958,5,191,131,191,"Rasunda Stadium, Solna",3,0,3,,,34107,,
857,19580608,1958,5,148,57,191,"Orjans Vall, Halmstad",1,0,1,,,10647,,
858,19580608,1958,5,95,218,191,"Jarnvallen, Sandviken",1,1,2,,,15343,,
859,19580608,1958,5,221,169,191,"Arosvallen, Vasteras",1,1,2,,,9591,,
860,19580608,1958,5,29,13,191,"Rimnersvallen, Udevalla",3,0,3,,,17788,,
861,19580608,1958,5,183,67,191,"Nya Ullevi, Gothenburg",2,2,4,,,49348,,
862,19580608,1958,5,77,155,191,"Idrottsparken, Norrkï¿½Ping",7,3,10,,,16518,,
863,19580608,1958,5,9,219,191,"Malmo Stadion, Malmï¿½",1,3,4,,,31156,,
864,19540704,1954,1,80,95,192,"Wankdorf Stadium, Berne",3,2,5,,,62500,,
865,19540703,1954,12,13,213,192,"Hardturm, Zurich",3,1,4,,,32000,,
866,19540630,1954,11,95,213,192,"La Pontaise, Lausanne",4,2,6,,,45000,,
867,19540630,1954,11,80,13,192,"St. Jakob, Basel",6,1,7,,,58000,,
868,19540627,1954,7,80,221,192,"Charmilles, Geneva",2,0,2,,,17000,,
869,19540627,1954,7,95,29,192,"Wankdorf Stadium, Berne",4,2,6,,,40000,,
870,19540626,1954,7,213,67,192,"St. Jakob, Basel",4,2,6,,,28000,,
871,19540626,1954,7,192,13,192,"La Pontaise, Lausanne",5,7,12,,,35000,,
872,19540623,1954,6,80,207,192,"Hardturm, Zurich",7,2,9,,,17000,,
873,19540623,1954,6,192,102,192,"St. Jakob, Basel",4,1,5,,,30000,,
874,19540620,1954,5,95,80,192,"St. Jakob, Basel",8,3,11,,,56000,,
875,19540620,1954,5,207,109,192,"Charmilles, Geneva",7,0,7,,,4000,,
876,19540620,1954,5,102,20,192,"Comunale di Cornaredo, Lugano",4,1,5,,,24000,,
877,19540620,1954,5,192,67,192,"Wankdorf Stadium, Berne",0,2,2,,,43500,,
878,19540619,1954,5,213,169,192,"St. Jakob, Basel",7,0,7,,,34000,,
879,19540619,1954,5,29,221,192,"La Pontaise, Lausanne",1,1,2,,,24637,,
880,19540619,1954,5,13,57,192,"Hardturm, Zurich",5,0,5,,,26000,,
881,19540619,1954,5,77,131,192,"Charmilles, Geneva",3,2,5,,,19000,,
882,19540617,1954,5,192,102,192,"La Pontaise, Lausanne",2,1,3,,,43000,,
883,19540617,1954,5,95,109,192,"Hardturm, Zurich",9,0,9,,,13000,,
884,19540617,1954,5,80,207,192,"Wankdorf Stadium, Berne",4,1,5,,,28000,,
885,19540617,1954,5,67,20,192,"St. Jakob, Basel",4,4,8,,,14000,,
886,19540616,1954,5,213,57,192,"Wankdorf Stadium, Berne",2,0,2,,,20500,,
887,19540616,1954,5,221,77,192,"La Pontaise, Lausanne",1,0,1,,,16000,,
888,19540616,1954,5,29,131,192,"Charmilles, Geneva",5,0,5,,,13470,,
889,19540616,1954,5,13,169,192,"Hardturm, Zurich",1,0,1,,,25000,,
890,19500716,1950,2,191,184,29,"Pacaembu, Sao Paulo",3,1,4,,,11227,,
891,19500716,1950,2,213,29,29,"Maracanï¿½ - Estï¿½dio Jornalista Mï¿½rio Filho, Rio De Janeiro",2,1,3,,,173850,,
892,19500713,1950,2,29,184,29,"Maracanï¿½ - Estï¿½dio Jornalista Mï¿½rio Filho, Rio De Janeiro",6,1,7,,,152772,,
893,19500713,1950,2,213,191,29,"Pacaembu, Sao Paulo",3,2,5,,,7987,,
894,19500709,1950,2,29,191,29,"Maracanï¿½ - Estï¿½dio Jornalista Mï¿½rio Filho, Rio De Janeiro",7,1,8,,,138886,,
895,19500709,1950,2,213,184,29,"Pacaembu, Sao Paulo",2,2,4,,,44802,,
896,19500702,1950,5,42,212,29,"Ilha do Retiro, Recife",5,2,7,,,8501,,
897,19500702,1950,5,102,155,29,"Pacaembu, Sao Paulo",2,0,2,,,25811,,
898,19500702,1950,5,213,25,29,"Independencia, Belo Horizonte",8,0,8,,,5284,,
899,19500702,1950,5,184,67,29,"Maracanï¿½ - Estï¿½dio Jornalista Mï¿½rio Filho, Rio De Janeiro",1,0,1,,,74462,,
900,19500702,1950,5,192,131,29,"Eucaliptos, Porto Alegre",2,1,3,,,3580,,
901,19500701,1950,5,29,221,29,"Maracanï¿½ - Estï¿½dio Jornalista Mï¿½rio Filho, Rio De Janeiro",2,0,2,,,142429,,
902,19500629,1950,5,184,42,29,"Maracanï¿½ - Estï¿½dio Jornalista Mï¿½rio Filho, Rio De Janeiro",2,0,2,,,19790,,
903,19500629,1950,5,212,67,29,"Independencia, Belo Horizonte",1,0,1,,,10151,,
904,19500629,1950,5,191,155,29,"Durival de Brito, Curitiba",2,2,4,,,7903,,
905,19500628,1950,5,29,192,29,"Pacaembu, Sao Paulo",2,2,4,,,42032,,
906,19500628,1950,5,221,131,29,"Eucaliptos, Porto Alegre",4,1,5,,,11078,,
907,19500625,1950,5,191,102,29,"Pacaembu, Sao Paulo",3,2,5,,,36502,,
908,19500625,1950,5,67,42,29,"Maracanï¿½ - Estï¿½dio Jornalista Mï¿½rio Filho, Rio De Janeiro",2,0,2,,,29703,,
909,19500625,1950,5,184,212,29,"Durival de Brito, Curitiba",3,1,4,,,9511,,
910,19500625,1950,5,221,192,29,"Independencia, Belo Horizonte",3,0,3,,,7336,,
911,19500624,1950,5,29,131,29,"Maracanï¿½ - Estï¿½dio Jornalista Mï¿½rio Filho, Rio De Janeiro",4,0,4,,,81649,,
912,19380619,1938,12,29,191,77,"Stade du Parc Lescure, Bordeaux",4,2,6,,,12000,,
913,19380619,1938,1,102,95,77,"Stade Olympique, Colombes",4,2,6,,,45000,,
914,19380616,1938,11,95,191,77,"Parc des Princes, Paris",5,1,6,,,20000,,
915,19380616,1938,11,102,29,77,"Stade Vï¿½lodrome, Marseilles",2,1,3,,,33000,,
916,19380614,1938,7,29,57,77,"Stade du Parc Lescure, Bordeaux",2,1,3,,,18141,,
917,19380612,1938,7,191,52,77,"Fort Carree, Antibes",8,0,8,,,7000,,
918,19380612,1938,7,29,57,77,"Stade du Parc Lescure, Bordeaux",1,1,2,,,22021,,
919,19380612,1938,7,95,192,77,"Victor Boucquey, Lille",2,0,2,,,15000,,
920,19380612,1938,7,102,77,77,"Stade Olympique, Colombes",3,1,4,,,58455,,
921,19380609,1938,8,192,80,77,"Parc des Princes, Paris",4,2,6,,,20025,,
922,19380609,1938,8,52,163,77,"Stade Municipal, Toulouse",2,1,3,,,8000,,
923,19380605,1938,8,102,149,77,"Stade Vï¿½lodrome, Marseilles",2,1,3,,,19000,,
924,19380605,1938,8,52,163,77,"Stade Municipal, Toulouse",3,3,6,,,7000,,
925,19380605,1938,8,95,63,77,"Velodrome Municipale, Reims",6,0,6,,,9000,,
926,19380605,1938,8,77,20,77,"Stade Olympique, Colombes",3,1,4,,,30454,,
927,19380605,1938,8,29,158,77,"Stade de la Meinau, Strasbourg",6,5,11,,,13452,,
928,19380605,1938,8,57,141,77,"Cavee Verte, Le Havre",3,0,3,,,11000,,
929,19380604,1938,8,192,80,77,"Parc des Princes, Paris",1,1,2,,,27152,,
930,19340610,1934,1,102,57,102,"Nazionale PNF, Rome",2,1,3,,,55000,,
931,19340607,1934,12,80,13,102,"Giorgio Ascarelli, Naples",3,2,5,,,7000,,
932,19340603,1934,11,57,80,102,"Nazionale PNF, Rome",3,1,4,,,15000,,
933,19340603,1934,11,102,13,102,"San Siro, Milan",1,0,1,,,35000,,
934,19340601,1934,7,102,184,102,"Giovanni Berta, Florence",1,0,1,,,43000,,
935,19340531,1934,7,13,95,102,"Littorale, Bologna",2,1,3,,,23000,,
936,19340531,1934,7,57,192,102,"Stadio Benito Mussolini, Turin",3,2,5,,,12000,,
937,19340531,1934,7,102,184,102,"Giovanni Berta, Florence",1,1,2,,,35000,,
938,19340531,1934,7,80,191,102,"San Siro, Milan",2,1,3,,,3000,,
939,19340527,1934,8,57,163,102,"Littorio, Trieste",2,1,3,,,9000,,
940,19340527,1934,8,95,65,102,"Giorgio Ascarelli, Naples",4,2,6,,,9000,,
941,19340527,1934,8,13,77,102,"Stadio Benito Mussolini, Turin",3,2,5,,,16000,,
942,19340527,1934,8,192,141,102,"San Siro, Milan",3,2,5,,,33000,,
943,19340527,1934,8,191,9,102,"Littorale, Bologna",3,2,5,,,14000,,
944,19340527,1934,8,184,29,102,"Luigi Ferraris, Genoa",3,1,4,,,21000,,
945,19340527,1934,8,80,20,102,"Giovanni Berta, Florence",5,2,7,,,8000,,
946,19340527,1934,8,102,212,102,"Nazionale PNF, Rome",7,1,8,,,25000,,
947,19300730,1930,1,213,9,213,"Estadio Centenario, Montevideo",4,2,6,,,68346,,
948,19300727,1930,11,213,221,213,"Estadio Centenario, Montevideo",6,1,7,,,79867,,
949,19300726,1930,11,9,212,213,"Estadio Centenario, Montevideo",6,1,7,,,72886,,
950,19300722,1930,5,9,42,213,"Estadio Centenario, Montevideo",3,1,4,,,41459,,
951,19300721,1930,5,213,163,213,"Estadio Centenario, Montevideo",4,0,4,,,70022,,
952,19300720,1930,5,29,25,213,"Estadio Centenario, Montevideo",4,0,4,,,25466,,
953,19300720,1930,5,155,20,213,"Estadio Centenario, Montevideo",1,0,1,,,12000,,
954,19300719,1930,5,42,77,213,"Estadio Centenario, Montevideo",1,0,1,,,2000,,
955,19300719,1930,5,9,131,213,"Estadio Centenario, Montevideo",6,3,9,,,42100,,
956,19300718,1930,5,213,156,213,"Estadio Centenario, Montevideo",1,0,1,,,57735,,
957,19300717,1930,5,221,25,213,"Parque Central, Montevideo",4,0,4,,,18306,,
958,19300717,1930,5,212,155,213,"Parque Central, Montevideo",3,0,3,,,18306,,
959,19300716,1930,5,42,131,213,"Parque Central, Montevideo",3,0,3,,,9249,,
960,19300715,1930,5,9,77,213,"Parque Central, Montevideo",1,0,1,,,23409,,
961,19300714,1930,5,221,29,213,"Parque Central, Montevideo",2,1,3,,,24059,,
962,19300714,1930,5,163,156,213,"Pocitos, Montevideo",3,1,4,,,2549,,
963,19300713,1930,5,212,20,213,"Parque Central, Montevideo",3,0,3,,,18346,,
964,19300713,1930,5,77,131,213,"Pocitos, Montevideo",4,1,5,,,4444,,
