ranking_key,snapshot_date_key,team_key,rank,previous_rank,points,previous_points,rated_matches
1,20221006,29,1,1,1841.3,1837.56,
2,20221006,20,2,2,1816.71,1821.92,
3,20221006,9,3,3,1773.88,1770.65,
4,20221006,77,4,4,1759.78,1764.85,
5,20221006,67,5,5,1728.47,1737.46,
6,20221006,102,6,7,1726.14,1713.86,
7,20221006,184,7,6,1715.22,1716.93,
8,20221006,141,8,8,1694.51,1679.41,
9,20221006,159,9,9,1676.56,1678.65,
10,20221006,59,10,10,1666.57,1665.47,
11,20221006,80,11,11,1650.21,1658.96,
12,20221006,51,12,15,1645.64,1632.15,
13,20221006,131,13,12,1644.89,1649.57,
14,20221006,213,14,13,1638.71,1640.95,
15,20221006,192,15,16,1635.92,1621.43,
16,20221006,212,16,14,1627.48,1635.01,
17,20221006,45,17,17,1611.04,1604.07,
18,20221006,170,18,18,1584.38,1584.59,
19,20221006,218,19,19,1569.82,1582.13,
20,20221006,96,20,22,1564.61,1558.64,
21,20221006,171,21,25,1563.62,1549.53,
22,20221006,136,22,23,1563.5,1558.35,
23,20221006,156,23,21,1561.01,1562.24,
24,20221006,104,24,24,1559.54,1554.69,
25,20221006,191,25,20,1553.33,1563.44,
26,20221006,158,26,26,1548.59,1546.18,
27,20221006,210,27,27,1536.99,1542.79,
28,20221006,109,28,28,1530.3,1526.02,
29,20221006,42,29,29,1509.61,1514.86,
30,20221006,204,30,30,1507.54,1507.86,
31,20221006,50,31,34,1503.59,1500.06,
32,20221006,146,32,31,1498.47,1504.7,
33,20221006,164,33,35,1496.11,1493.42,
34,20221006,13,34,33,1492.95,1502.47,
35,20221006,56,35,32,1492.21,1502.9,
36,20221006,95,36,37,1492.2,1486.76,
37,20221006,3,37,41,1489.1,1480.59,
38,20221006,12,38,39,1488.72,1483.73,
39,20221006,65,39,40,1486.44,1482.63,
40,20221006,169,40,45,1479.53,1462.96,
41,20221006,37,41,43,1475.0,1473.82,
42,20221006,149,42,36,1473.04,1488.57,
43,20221006,36,43,38,1471.44,1484.95,
44,20221006,64,44,44,1464.39,1463.74,
45,20221006,207,45,42,1460.14,1475.13,
46,20221006,127,46,46,1448.85,1442.88,
47,20221006,155,47,50,1448.77,1440.13,
48,20221006,58,48,52,1443.06,1435.91,
49,20221006,162,49,47,1440.19,1442.48,
50,20221006,161,50,48,1439.89,1441.97,
51,20221006,168,51,53,1437.78,1435.74,
52,20221006,84,52,49,1437.6,1441.45,
53,20221006,163,53,54,1434.68,1427.84,
54,20221006,33,54,55,1432.25,1425.64,
55,20221006,176,55,51,1425.59,1439.99,
56,20221006,76,56,59,1405.6,1398.41,
57,20221006,216,57,56,1404.37,1405.17,
58,20221006,27,58,57,1403.51,1403.98,
59,20221006,148,59,58,1396.55,1399.1,
60,20221006,153,60,61,1393.28,1389.27,
61,20221006,82,61,60,1393.0,1393.47,
62,20221006,97,62,63,1384.41,1379.61,
63,20221006,177,63,65,1384.04,1372.48,
64,20221006,103,64,62,1378.86,1382.06,
65,20221006,147,65,64,1358.51,1375.2,
66,20221006,2,66,66,1354.11,1361.81,
67,20221006,180,67,68,1349.59,1350.55,
68,20221006,100,68,70,1343.01,1338.91,
69,20221006,134,69,67,1341.03,1354.59,
70,20221006,211,70,69,1337.57,1346.09,
71,20221006,38,71,73,1336.05,1331.46,
72,20221006,32,72,74,1335.36,1325.16,
73,20221006,48,73,72,1333.92,1332.84,
74,20221006,66,74,71,1330.51,1333.48,
75,20221006,150,75,75,1320.29,1323.03,
76,20221006,101,76,76,1316.55,1316.35,
77,20221006,214,77,77,1309.98,1306.63,
78,20221006,79,78,82,1307.34,1296.46,
79,20221006,43,79,78,1305.06,1305.06,
80,20221006,92,80,80,1301.98,1299.69,
81,20221006,78,81,79,1301.84,1301.84,
82,20221006,25,82,81,1296.28,1298.81,
83,20221006,88,83,83,1290.47,1294.89,
84,20221006,105,84,86,1289.99,1279.74,
85,20221006,16,85,85,1280.64,1289.25,
86,20221006,53,86,84,1278.64,1293.35,
87,20221006,91,87,88,1269.07,1269.07,
88,20221006,223,88,87,1267.41,1270.8,
89,20221006,209,89,90,1260.69,1264.56,
90,20221006,193,90,89,1255.92,1265.03,
91,20221006,22,91,91,1247.47,1258.71,
92,20221006,121,92,93,1243.8,1235.36,
93,20221006,10,93,92,1233.93,1242.42,
94,20221006,152,94,94,1233.72,1233.72,
95,20221006,112,95,95,1230.22,1232.91,
96,20221006,217,96,97,1226.65,1218.84,
97,20221006,19,97,96,1221.06,1226.55,
98,20221006,68,98,98,1215.66,1215.33,
99,20221006,115,99,100,1211.71,1211.71,
100,20221006,47,100,99,1208.79,1215.09,
101,20221006,107,101,102,1202.26,1202.26,
102,20221006,123,102,105,1200.74,1193.78,
103,20221006,129,103,107,1197.58,1181.86,
104,20221006,203,104,101,1195.29,1205.85,
105,20221006,143,105,103,1193.98,1198.96,
106,20221006,98,106,104,1192.09,1198.65,
107,20221006,110,107,106,1187.01,1183.9,
108,20221006,196,108,109,1185.7,1179.1,
109,20221006,70,109,110,1184.64,1177.4,
110,20221006,54,110,108,1183.82,1180.52,
111,20221006,198,111,111,1174.92,1170.69,
112,20221006,108,112,112,1169.96,1169.96,
113,20221006,106,113,114,1166.63,1166.28,
114,20221006,137,114,116,1165.22,1165.41,
115,20221006,139,115,117,1164.13,1164.13,
116,20221006,89,116,115,1160.71,1165.53,
117,20221006,174,117,113,1160.31,1169.71,
118,20221006,87,118,118,1156.7,1161.96,
119,20221006,6,119,120,1155.9,1149.08,
120,20221006,118,120,121,1154.25,1148.36,
121,20221006,145,121,119,1152.8,1155.23,
122,20221006,74,122,125,1147.17,1136.29,
123,20221006,14,123,128,1146.72,1127.17,
124,20221006,124,124,122,1144.97,1144.77,
125,20221006,224,125,123,1138.56,1138.56,
126,20221006,199,126,124,1137.47,1137.47,
127,20221006,201,127,126,1128.92,1130.22,
128,20221006,189,128,130,1127.34,1124.91,
129,20221006,46,129,127,1123.18,1127.44,
130,20221006,197,130,131,1119.89,1121.91,
131,20221006,8,131,132,1117.01,1117.01,
132,20221006,40,132,133,1116.97,1116.06,
133,20221006,157,133,134,1115.13,1115.13,
134,20221006,114,134,129,1114.21,1125.36,
135,20221006,205,135,135,1100.47,1100.47,
136,20221006,178,136,137,1095.7,1092.56,
137,20221006,165,137,136,1093.66,1095.04,
138,20221006,72,138,138,1091.19,1088.27,
139,20221006,190,139,143,1077.3,1072.24,
140,20221006,186,140,140,1076.91,1076.91,
141,20221006,34,141,141,1076.26,1076.26,
142,20221006,144,142,139,1071.83,1079.18,
143,20221006,71,143,144,1070.89,1070.89,
144,20221006,120,144,142,1069.75,1074.08,
145,20221006,93,145,147,1062.39,1058.37,
146,20221006,125,146,148,1062.32,1057.59,
147,20221006,116,147,145,1061.4,1061.4,
148,20221006,28,148,146,1056.46,1060.17,
149,20221006,111,149,149,1053.41,1053.41,
150,20221006,117,150,150,1049.66,1051.25,
151,20221006,5,151,152,1035.2,1028.7,
152,20221006,99,152,155,1033.9,1019.19,
153,20221006,62,153,151,1031.86,1031.86,
154,20221006,126,154,156,1026.09,1018.25,
155,20221006,220,155,153,1023.52,1023.52,
156,20221006,1,156,154,1023.04,1023.04,
157,20221006,44,157,157,1017.78,1017.78,
158,20221006,138,158,158,1007.89,1011.91,
159,20221006,154,159,161,1007.46,997.6,
160,20221006,175,160,159,1003.5,1004.75,
161,20221006,142,161,160,995.58,999.7,
162,20221006,195,162,162,995.11,995.11,
163,20221006,75,163,163,989.43,993.37,
164,20221006,215,164,164,985.62,990.55,
165,20221006,182,165,165,983.99,983.99,
166,20221006,18,166,166,982.27,982.27,
167,20221006,52,167,167,978.65,978.65,
168,20221006,128,168,169,977.92,974.68,
169,20221006,23,169,168,977.47,977.47,
170,20221006,160,170,170,974.32,974.32,
171,20221006,90,171,172,968.74,968.74,
172,20221006,187,172,173,965.66,965.66,
173,20221006,85,173,171,963.72,969.0,
174,20221006,132,174,177,961.23,944.96,
175,20221006,140,175,176,954.86,950.45,
176,20221006,21,176,175,950.88,950.88,
177,20221006,35,177,174,948.62,954.3,
178,20221006,188,178,179,945.25,939.97,
179,20221006,135,179,178,940.78,940.78,
180,20221006,130,180,180,932.02,932.02,
181,20221006,41,181,181,930.22,931.98,
182,20221006,122,182,182,922.1,922.1,
183,20221006,133,183,184,913.55,913.55,
184,20221006,61,184,185,911.51,911.51,
185,20221006,24,185,186,910.96,910.96,
186,20221006,194,186,187,908.18,908.18,
187,20221006,113,187,183,905.51,914.66,
188,20221006,4,188,188,900.27,900.27,
189,20221006,49,189,189,899.33,899.33,
190,20221006,31,190,190,898.41,897.1,
191,20221006,166,191,191,894.26,894.26,
192,20221006,17,192,192,884.45,883.18,
193,20221006,60,193,193,875.05,877.84,
194,20221006,151,194,195,866.81,866.81,
195,20221006,39,195,196,865.72,865.72,
196,20221006,119,196,194,862.39,873.99,
197,20221006,202,197,197,861.81,861.81,
198,20221006,200,198,199,860.06,860.06,
199,20221006,173,199,198,859.56,860.48,
200,20221006,69,200,201,855.56,855.56,
201,20221006,11,201,202,855.37,855.37,
202,20221006,15,202,203,854.8,854.8,
203,20221006,179,203,204,854.72,854.72,
204,20221006,83,204,200,852.16,856.55,
205,20221006,86,205,205,838.33,838.33,
206,20221006,206,206,206,832.0,832.0,
207,20221006,185,207,207,825.25,825.25,
208,20221006,208,208,208,823.97,823.97,
209,20221006,30,209,209,809.32,809.32,
210,20221006,7,210,210,790.74,790.74,
211,20221006,167,211,211,762.22,763.82,
212,20260608,9,1,3,1876.118331,1874.814835,59
213,20260608,184,2,2,1873.013187,1876.395199,56
214,20260608,77,3,1,1869.428449,1877.322731,57
215,20260608,67,4,4,1827.048678,1825.965482,57
216,20260608,159,5,5,1766.177547,1763.834406,56
217,20260608,29,6,6,1765.856297,1761.16093,55
218,20260608,136,7,8,1755.100232,1755.86841,87
219,20260608,141,8,7,1751.097835,1757.874428,56
220,20260608,20,9,9,1742.235945,1734.714832,54
221,20260608,80,10,10,1735.771984,1730.37136,55
222,20260608,51,11,11,1714.865572,1717.066402,57
223,20260608,102,12,12,1704.733836,1700.370754,53
224,20260608,45,13,13,1698.351858,1693.089319,57
225,20260608,131,14,15,1687.481759,1681.028247,83
226,20260608,170,15,14,1686.412769,1688.988837,85
227,20260608,213,16,17,1673.068603,1673.068603,52
228,20260608,212,17,16,1671.2341,1673.126608,75
229,20260608,104,18,18,1661.576187,1660.427891,64
230,20260608,192,19,19,1650.064179,1649.39683,56
231,20260608,96,20,21,1619.58163,1615.300338,56
232,20260608,59,21,20,1619.474248,1620.807946,52
233,20260608,207,22,22,1605.730921,1599.03767,53
234,20260608,64,23,23,1598.51582,1594.78386,59
235,20260608,13,24,24,1597.404087,1593.447673,51
236,20260608,109,25,25,1591.630886,1588.663904,68
237,20260608,146,26,26,1586.688586,1585.086373,73
238,20260608,12,27,27,1579.34264,1580.674774,55
239,20260608,3,28,28,1571.033293,1564.2567,82
240,20260608,65,29,29,1562.367246,1563.241764,74
241,20260608,37,30,30,1559.479301,1556.482247,62
242,20260608,149,31,31,1557.437664,1550.943159,48
243,20260608,210,32,32,1549.287173,1546.877672,47
244,20260608,58,33,34,1540.869533,1532.975251,68
245,20260608,153,34,33,1539.155509,1540.644228,68
246,20260608,164,35,36,1527.237131,1525.604093,30
247,20260608,158,36,35,1526.183359,1528.003812,54
248,20260608,218,37,37,1516.946629,1524.290508,50
249,20260608,191,38,38,1509.785392,1514.767421,51
250,20260608,56,39,41,1505.737856,1501.3824,51
251,20260608,155,40,40,1505.349689,1503.503339,49
252,20260608,95,41,42,1504.135797,1500.581454,50
253,20260608,169,42,43,1503.34027,1498.350389,51
254,20260608,171,43,39,1502.133186,1508.650488,54
255,20260608,36,44,45,1481.235245,1481.235245,63
256,20260608,48,45,46,1479.684122,1478.350424,62
257,20260608,204,46,44,1476.405088,1483.051871,70
258,20260608,176,47,48,1473.660727,1473.938441,52
259,20260608,84,48,47,1473.187305,1475.819913,48
260,20260608,216,49,49,1464.303811,1468.046323,51
261,20260608,214,50,50,1461.208132,1465.342534,52
262,20260608,156,51,53,1459.390555,1455.872645,52
263,20260608,50,52,51,1457.00228,1459.903309,60
264,20260608,163,53,56,1455.894657,1451.161007,52
265,20260608,127,54,52,1455.586659,1459.125074,61
266,20260608,42,55,54,1452.939983,1455.283124,53
267,20260608,100,56,57,1451.153466,1447.135319,65
268,20260608,161,57,55,1450.307729,1454.958587,71
269,20260608,162,58,59,1441.096901,1436.630274,49
270,20260608,177,59,58,1441.087158,1446.439067,52
271,20260608,180,60,60,1428.379282,1429.728396,74
272,20260608,168,61,61,1421.538339,1421.427596,75
273,20260608,33,62,62,1408.541965,1412.494766,66
274,20260608,105,63,63,1387.738222,1391.4544,62
275,20260608,27,64,65,1387.215771,1385.838723,46
276,20260608,92,65,66,1378.970301,1380.273797,61
277,20260608,2,66,64,1376.033234,1388.058361,50
278,20260608,38,67,69,1371.10798,1366.125478,55
279,20260608,211,68,68,1370.469434,1370.469434,62
280,20260608,147,69,67,1369.159317,1372.043897,48
281,20260608,148,70,70,1366.564198,1362.157683,45
282,20260608,103,71,71,1357.840144,1357.996558,67
283,20260608,79,72,72,1355.261687,1350.184155,50
284,20260608,82,73,74,1346.881205,1346.311722,66
285,20260608,97,74,75,1343.920201,1345.068497,56
286,20260608,76,75,73,1341.922408,1346.408799,50
287,20260608,101,76,77,1333.904007,1328.333496,44
288,20260608,25,77,76,1325.995377,1329.415509,53
289,20260608,110,78,78,1319.120924,1318.82527,47
290,20260608,150,79,79,1306.901717,1313.464945,69
291,20260608,134,80,81,1301.977191,1295.518644,48
292,20260608,88,81,80,1295.598845,1300.00536,60
293,20260608,53,82,82,1294.76909,1294.652918,36
294,20260608,91,83,83,1293.096585,1291.711814,36
295,20260608,193,84,84,1283.051902,1288.556135,50
296,20260608,143,85,85,1275.581062,1281.566939,47
297,20260608,78,86,87,1272.508139,1272.508139,45
298,20260608,32,87,86,1271.683325,1278.904375,48
299,20260608,209,88,88,1264.090591,1264.090591,58
300,20260608,6,89,89,1262.219698,1263.096811,68
301,20260608,22,90,90,1258.224853,1258.980021,47
302,20260608,223,91,92,1255.821846,1255.821846,61
303,20260608,43,92,94,1254.848285,1251.597821,46
304,20260608,16,93,91,1254.406799,1258.527492,63
305,20260608,198,94,93,1250.763879,1252.138301,71
306,20260608,152,95,95,1244.216499,1244.728802,38
307,20260608,19,96,97,1241.324607,1235.820374,47
308,20260608,87,97,96,1238.74375,1243.474984,54
309,20260608,121,98,98,1232.81815,1227.765462,48
310,20260608,217,99,99,1225.67943,1225.67943,59
311,20260608,196,100,103,1225.518979,1221.78095,45
312,20260608,66,101,100,1225.344607,1225.25876,55
313,20260608,137,102,101,1224.311107,1224.311107,60
314,20260608,203,103,102,1221.951833,1222.93812,47
315,20260608,123,104,104,1202.689766,1203.76261,59
316,20260608,68,105,105,1195.197081,1195.197081,54
317,20260608,112,106,107,1191.655395,1191.143092,39
318,20260608,10,107,106,1191.334973,1191.416122,46
319,20260608,46,108,109,1187.9109,1187.9109,62
320,20260608,107,109,111,1185.076631,1182.230045,46
321,20260608,106,110,110,1183.038315,1182.957166,48
322,20260608,118,111,112,1182.081264,1182.081264,46
323,20260608,145,112,114,1180.416678,1179.66151,53
324,20260608,197,113,113,1180.267847,1180.267847,54
325,20260608,115,114,108,1172.215162,1187.960362,47
326,20260608,129,115,115,1171.596379,1170.719266,65
327,20260608,199,116,116,1159.637808,1160.380685,48
328,20260608,189,117,117,1157.223901,1157.223901,61
329,20260608,174,118,119,1153.309176,1148.976347,42
330,20260608,99,119,122,1151.448115,1144.884887,65
331,20260608,108,120,118,1151.052136,1151.052136,17
332,20260608,139,121,120,1148.839695,1148.839695,45
333,20260608,201,122,121,1146.703618,1147.31212,41
334,20260608,54,123,126,1133.247165,1128.334119,48
335,20260608,190,124,125,1132.425895,1132.425895,30
336,20260608,74,125,123,1131.984479,1137.138273,46
337,20260608,14,126,124,1130.263211,1136.6663,46
338,20260608,165,127,128,1126.622275,1126.622275,40
339,20260608,70,128,129,1126.256951,1121.103157,51
340,20260608,124,129,127,1122.488082,1128.027858,50
341,20260608,224,130,130,1119.77695,1118.123833,39
342,20260608,144,131,131,1114.634184,1115.13142,40
343,20260608,89,132,132,1108.381553,1108.381553,48
344,20260608,111,133,134,1106.474587,1105.100165,58
345,20260608,47,134,133,1105.964661,1105.964661,37
346,20260608,157,135,135,1096.72639,1094.097577,46
347,20260608,114,136,137,1090.261315,1090.569353,47
348,20260608,125,137,138,1086.218087,1086.218087,58
349,20260608,40,138,139,1084.180103,1083.571601,40
350,20260608,98,139,136,1083.601894,1091.027887,53
351,20260608,205,140,141,1078.652346,1078.652346,25
352,20260608,34,141,142,1078.009468,1078.009468,36
353,20260608,72,142,144,1077.086308,1071.546532,48
354,20260608,62,143,143,1076.498501,1077.954075,34
355,20260608,117,144,140,1074.686684,1079.019513,41
356,20260608,220,145,149,1065.236881,1049.491681,27
357,20260608,116,146,145,1064.285838,1067.132424,49
358,20260608,28,147,146,1063.631368,1063.631368,48
359,20260608,120,148,148,1061.22966,1058.421622,47
360,20260608,175,149,147,1057.950212,1059.530429,55
361,20260608,90,150,150,1049.320241,1049.320241,30
362,20260608,142,151,151,1036.952253,1036.952253,18
363,20260608,186,152,152,1036.334924,1036.334924,24
364,20260608,178,153,153,1031.894156,1031.894156,32
365,20260608,94,154,155,1030.240953,1026.628751,51
366,20260608,75,155,154,1024.384218,1029.697455,31
367,20260608,160,156,156,1024.297312,1026.105829,27
368,20260608,195,157,157,1019.036032,1019.036032,14
369,20260608,138,158,158,1015.138408,1011.876799,47
370,20260608,132,159,159,1006.537824,1004.157429,49
371,20260608,215,160,160,1002.318941,997.005704,27
372,20260608,128,161,161,992.793497,987.730586,47
373,20260608,8,162,162,986.584414,986.584414,22
374,20260608,85,163,163,981.823973,982.568936,30
375,20260608,52,164,164,981.423455,981.423455,32
376,20260608,71,165,165,979.013939,979.013939,47
377,20260608,187,166,167,976.708996,976.708996,19
378,20260608,23,167,166,975.053746,976.869098,31
379,20260608,154,168,168,974.9011,974.9011,26
380,20260608,1,169,169,971.202635,972.745782,32
381,20260608,182,170,170,970.944527,970.944527,40
382,20260608,188,171,171,968.269638,968.269638,28
383,20260608,5,172,173,946.429826,945.341934,49
384,20260608,126,173,172,943.917901,954.928349,35
385,20260608,44,174,174,923.782643,923.782643,26
386,20260608,135,175,175,916.75251,916.75251,20
387,20260608,35,176,177,916.241304,911.538277,38
388,20260608,140,177,176,914.541224,914.541224,42
389,20260608,130,178,178,911.487501,911.487501,36
390,20260608,18,179,179,909.893208,909.893208,26
391,20260608,21,180,180,907.001211,907.001211,22
392,20260608,17,181,181,902.92965,899.532777,47
393,20260608,61,182,182,897.686437,897.686437,25
394,20260608,41,183,183,896.852819,896.852819,30
395,20260608,69,184,184,887.063341,887.063341,7
396,20260608,113,185,185,885.028891,885.028891,30
397,20260608,49,186,188,877.534995,877.534995,9
398,20260608,166,187,190,876.407812,876.407812,14
399,20260608,24,188,186,875.845061,880.548088,20
400,20260608,11,189,189,875.61115,877.297071,21
401,20260608,133,190,187,874.469074,879.751523,21
402,20260608,185,191,191,871.820215,871.820215,33
403,20260608,4,192,192,871.612081,871.612081,7
404,20260608,31,193,193,863.09176,863.09176,29
405,20260608,122,194,194,858.03342,858.03342,12
406,20260608,194,195,196,855.438666,855.438666,22
407,20260608,60,196,197,853.581786,853.581786,31
408,20260608,39,197,195,850.061011,855.449528,22
409,20260608,179,198,198,839.169697,839.169697,21
410,20260608,151,199,202,837.151593,824.597998,24
411,20260608,202,200,199,835.64241,835.64241,7
412,20260608,200,201,200,825.639984,825.639984,26
413,20260608,83,202,203,820.260818,810.14071,48
414,20260608,86,203,201,819.540575,825.430997,10
415,20260608,173,204,204,804.161509,804.161509,35
416,20260608,206,205,205,803.980015,803.980015,12
417,20260608,119,206,206,797.701009,803.570149,47
418,20260608,15,207,207,786.816217,786.816217,23
419,20260608,208,208,209,779.764266,779.764266,15
420,20260608,30,209,208,777.405734,782.137325,24
421,20260608,7,210,210,760.251852,760.251852,18
422,20260608,167,211,211,722.933728,726.330601,46
